band,time_slot,activity
0,0,0
1,0,0
2,0,1
3,0,0
4,0,1
5,0,0
6,0,0
7,0,0
8,0,0
9,0,0
10,0,0
11,0,0
12,0,0
13,0,0
14,0,0
15,0,0
16,0,1
17,0,0
18,0,0
19,0,0
20,0,0
21,0,0
22,0,0
23,0,1
24,0,1
25,0,0
26,0,0
27,0,0
28,0,1
29,0,0
0,1,0
1,1,0
2,1,1
3,1,0
4,1,0
5,1,0
6,1,0
7,1,0
8,1,0
9,1,0
10,1,0
11,1,0
12,1,0
13,1,0
14,1,0
15,1,0
16,1,1
17,1,0
18,1,1
19,1,0
20,1,0
21,1,0
22,1,0
23,1,1
24,1,0
25,1,1
26,1,0
27,1,0
28,1,0
29,1,0
0,2,0
1,2,0
2,2,1
3,2,0
4,2,0
5,2,0
6,2,0
7,2,0
8,2,0
9,2,0
10,2,0
11,2,0
12,2,0
13,2,0
14,2,0
15,2,1
16,2,1
17,2,0
18,2,0
19,2,0
20,2,0
21,2,0
22,2,0
23,2,1
24,2,0
25,2,1
26,2,0
27,2,0
28,2,0
29,2,0
0,3,0
1,3,0
2,3,1
3,3,0
4,3,0
5,3,0
6,3,0
7,3,0
8,3,0
9,3,0
10,3,0
11,3,0
12,3,0
13,3,0
14,3,0
15,3,1
16,3,1
17,3,0
18,3,0
19,3,0
20,3,0
21,3,0
22,3,0
23,3,1
24,3,0
25,3,1
26,3,0
27,3,0
28,3,0
29,3,0
0,4,0
1,4,0
2,4,1
3,4,0
4,4,0
5,4,0
6,4,0
7,4,0
8,4,0
9,4,0
10,4,0
11,4,0
12,4,0
13,4,0
14,4,0
15,4,1
16,4,1
17,4,0
18,4,1
19,4,0
20,4,0
21,4,0
22,4,0
23,4,1
24,4,0
25,4,1
26,4,0
27,4,0
28,4,0
29,4,0
0,5,0
1,5,0
2,5,1
3,5,0
4,5,0
5,5,0
6,5,0
7,5,0
8,5,0
9,5,0
10,5,0
11,5,1
12,5,0
13,5,0
14,5,0
15,5,1
16,5,1
17,5,0
18,5,0
19,5,0
20,5,0
21,5,0
22,5,0
23,5,1
24,5,0
25,5,1
26,5,0
27,5,0
28,5,0
29,5,0
0,6,0
1,6,0
2,6,1
3,6,0
4,6,0
5,6,0
6,6,0
7,6,1
8,6,0
9,6,0
10,6,0
11,6,0
12,6,0
13,6,0
14,6,0
15,6,1
16,6,1
17,6,1
18,6,0
19,6,0
20,6,0
21,6,0
22,6,0
23,6,1
24,6,0
25,6,1
26,6,0
27,6,0
28,6,0
29,6,0
0,7,0
1,7,1
2,7,0
3,7,1
4,7,0
5,7,0
6,7,0
7,7,1
8,7,0
9,7,0
10,7,0
11,7,1
12,7,0
13,7,0
14,7,0
15,7,1
16,7,0
17,7,1
18,7,0
19,7,0
20,7,0
21,7,0
22,7,0
23,7,1
24,7,0
25,7,1
26,7,1
27,7,0
28,7,1
29,7,0
0,8,0
1,8,1
2,8,1
3,8,1
4,8,0
5,8,0
6,8,0
7,8,1
8,8,0
9,8,0
10,8,0
11,8,1
12,8,1
13,8,0
14,8,0
15,8,0
16,8,1
17,8,1
18,8,0
19,8,0
20,8,0
21,8,0
22,8,0
23,8,1
24,8,1
25,8,1
26,8,0
27,8,0
28,8,0
29,8,0
0,9,0
1,9,0
2,9,1
3,9,1
4,9,0
5,9,0
6,9,0
7,9,0
8,9,0
9,9,0
10,9,0
11,9,0
12,9,0
13,9,0
14,9,0
15,9,1
16,9,1
17,9,0
18,9,1
19,9,0
20,9,0
21,9,0
22,9,1
23,9,1
24,9,0
25,9,0
26,9,0
27,9,0
28,9,0
29,9,0
0,10,0
1,10,0
2,10,0
3,10,1
4,10,0
5,10,0
6,10,0
7,10,0
8,10,0
9,10,0
10,10,0
11,10,0
12,10,0
13,10,0
14,10,0
15,10,1
16,10,1
17,10,0
18,10,0
19,10,0
20,10,0
21,10,0
22,10,0
23,10,1
24,10,0
25,10,0
26,10,0
27,10,0
28,10,0
29,10,0
0,11,0
1,11,0
2,11,1
3,11,1
4,11,0
5,11,0
6,11,0
7,11,0
8,11,0
9,11,0
10,11,0
11,11,0
12,11,0
13,11,0
14,11,0
15,11,1
16,11,1
17,11,1
18,11,0
19,11,0
20,11,0
21,11,0
22,11,1
23,11,1
24,11,0
25,11,0
26,11,0
27,11,0
28,11,0
29,11,0
0,12,0
1,12,0
2,12,0
3,12,1
4,12,0
5,12,0
6,12,0
7,12,1
8,12,0
9,12,1
10,12,0
11,12,0
12,12,0
13,12,0
14,12,0
15,12,1
16,12,1
17,12,0
18,12,0
19,12,0
20,12,0
21,12,0
22,12,0
23,12,1
24,12,0
25,12,1
26,12,0
27,12,0
28,12,0
29,12,0
0,13,0
1,13,0
2,13,0
3,13,1
4,13,0
5,13,0
6,13,0
7,13,1
8,13,0
9,13,0
10,13,0
11,13,0
12,13,0
13,13,0
14,13,0
15,13,1
16,13,1
17,13,1
18,13,1
19,13,0
20,13,0
21,13,0
22,13,1
23,13,1
24,13,0
25,13,1
26,13,0
27,13,0
28,13,0
29,13,0
0,14,0
1,14,0
2,14,1
3,14,1
4,14,0
5,14,0
6,14,0
7,14,0
8,14,1
9,14,1
10,14,0
11,14,1
12,14,0
13,14,0
14,14,0
15,14,1
16,14,1
17,14,1
18,14,0
19,14,0
20,14,0
21,14,0
22,14,1
23,14,1
24,14,0
25,14,1
26,14,0
27,14,0
28,14,0
29,14,0
0,15,0
1,15,0
2,15,1
3,15,1
4,15,0
5,15,0
6,15,0
7,15,0
8,15,1
9,15,0
10,15,0
11,15,1
12,15,0
13,15,0
14,15,0
15,15,1
16,15,0
17,15,1
18,15,0
19,15,0
20,15,0
21,15,0
22,15,1
23,15,1
24,15,0
25,15,0
26,15,0
27,15,0
28,15,0
29,15,0
0,16,0
1,16,0
2,16,0
3,16,1
4,16,0
5,16,0
6,16,0
7,16,0
8,16,1
9,16,0
10,16,0
11,16,0
12,16,0
13,16,0
14,16,0
15,16,1
16,16,0
17,16,0
18,16,0
19,16,0
20,16,0
21,16,0
22,16,1
23,16,1
24,16,0
25,16,1
26,16,1
27,16,0
28,16,0
29,16,0
0,17,0
1,17,0
2,17,0
3,17,1
4,17,0
5,17,0
6,17,0
7,17,1
8,17,1
9,17,0
10,17,0
11,17,0
12,17,0
13,17,0
14,17,0
15,17,1
16,17,1
17,17,0
18,17,0
19,17,0
20,17,0
21,17,0
22,17,1
23,17,1
24,17,0
25,17,0
26,17,0
27,17,0
28,17,0
29,17,0
0,18,0
1,18,0
2,18,0
3,18,1
4,18,0
5,18,0
6,18,0
7,18,1
8,18,1
9,18,0
10,18,0
11,18,0
12,18,0
13,18,0
14,18,1
15,18,1
16,18,1
17,18,0
18,18,0
19,18,0
20,18,0
21,18,0
22,18,1
23,18,1
24,18,0
25,18,1
26,18,0
27,18,0
28,18,0
29,18,0
0,19,0
1,19,0
2,19,1
3,19,1
4,19,0
5,19,0
6,19,0
7,19,1
8,19,0
9,19,0
10,19,0
11,19,0
12,19,1
13,19,0
14,19,0
15,19,1
16,19,1
17,19,0
18,19,0
19,19,0
20,19,0
21,19,0
22,19,1
23,19,1
24,19,0
25,19,0
26,19,0
27,19,0
28,19,1
29,19,0
0,20,0
1,20,0
2,20,1
3,20,1
4,20,0
5,20,0
6,20,0
7,20,0
8,20,1
9,20,0
10,20,0
11,20,0
12,20,0
13,20,0
14,20,0
15,20,1
16,20,1
17,20,1
18,20,0
19,20,0
20,20,0
21,20,0
22,20,0
23,20,1
24,20,1
25,20,0
26,20,0
27,20,0
28,20,0
29,20,0
0,21,0
1,21,0
2,21,1
3,21,1
4,21,0
5,21,0
6,21,0
7,21,0
8,21,1
9,21,0
10,21,0
11,21,0
12,21,0
13,21,0
14,21,0
15,21,1
16,21,0
17,21,0
18,21,1
19,21,0
20,21,0
21,21,0
22,21,0
23,21,1
24,21,0
25,21,1
26,21,0
27,21,0
28,21,0
29,21,0
0,22,0
1,22,0
2,22,1
3,22,1
4,22,0
5,22,0
6,22,0
7,22,0
8,22,1
9,22,0
10,22,0
11,22,1
12,22,0
13,22,0
14,22,1
15,22,1
16,22,1
17,22,0
18,22,0
19,22,0
20,22,0
21,22,0
22,22,1
23,22,1
24,22,0
25,22,0
26,22,0
27,22,0
28,22,0
29,22,0
0,23,0
1,23,0
2,23,1
3,23,1
4,23,0
5,23,0
6,23,0
7,23,0
8,23,1
9,23,0
10,23,0
11,23,1
12,23,0
13,23,0
14,23,0
15,23,1
16,23,1
17,23,0
18,23,0
19,23,0
20,23,0
21,23,0
22,23,0
23,23,1
24,23,0
25,23,1
26,23,0
27,23,0
28,23,0
29,23,0
0,24,0
1,24,1
2,24,0
3,24,1
4,24,0
5,24,0
6,24,0
7,24,1
8,24,1
9,24,0
10,24,0
11,24,1
12,24,1
13,24,0
14,24,0
15,24,1
16,24,0
17,24,0
18,24,0
19,24,0
20,24,0
21,24,0
22,24,0
23,24,1
24,24,0
25,24,1
26,24,0
27,24,0
28,24,0
29,24,0
0,25,0
1,25,0
2,25,1
3,25,1
4,25,0
5,25,1
6,25,0
7,25,1
8,25,0
9,25,0
10,25,0
11,25,1
12,25,0
13,25,0
14,25,0
15,25,1
16,25,1
17,25,1
18,25,0
19,25,0
20,25,0
21,25,0
22,25,0
23,25,1
24,25,0
25,25,1
26,25,0
27,25,0
28,25,0
29,25,0
0,26,0
1,26,0
2,26,1
3,26,1
4,26,0
5,26,0
6,26,0
7,26,0
8,26,0
9,26,0
10,26,0
11,26,0
12,26,0
13,26,0
14,26,0
15,26,1
16,26,1
17,26,0
18,26,0
19,26,0
20,26,0
21,26,0
22,26,0
23,26,1
24,26,0
25,26,1
26,26,0
27,26,0
28,26,0
29,26,0
0,27,0
1,27,0
2,27,1
3,27,1
4,27,0
5,27,0
6,27,0
7,27,1
8,27,0
9,27,0
10,27,0
11,27,0
12,27,0
13,27,0
14,27,0
15,27,1
16,27,1
17,27,0
18,27,0
19,27,0
20,27,0
21,27,0
22,27,0
23,27,1
24,27,0
25,27,0
26,27,0
27,27,1
28,27,0
29,27,0
0,28,0
1,28,0
2,28,1
3,28,1
4,28,0
5,28,0
6,28,0
7,28,0
8,28,0
9,28,0
10,28,0
11,28,0
12,28,0
13,28,0
14,28,0
15,28,1
16,28,1
17,28,0
18,28,0
19,28,0
20,28,0
21,28,0
22,28,1
23,28,1
24,28,0
25,28,0
26,28,0
27,28,0
28,28,1
29,28,0
0,29,0
1,29,1
2,29,0
3,29,1
4,29,0
5,29,0
6,29,0
7,29,0
8,29,0
9,29,0
10,29,0
11,29,0
12,29,0
13,29,0
14,29,0
15,29,1
16,29,1
17,29,1
18,29,0
19,29,0
20,29,1
21,29,0
22,29,0
23,29,1
24,29,0
25,29,1
26,29,0
27,29,0
28,29,0
29,29,0
0,30,0
1,30,0
2,30,0
3,30,1
4,30,0
5,30,0
6,30,0
7,30,1
8,30,0
9,30,0
10,30,0
11,30,1
12,30,1
13,30,0
14,30,0
15,30,1
16,30,1
17,30,1
18,30,0
19,30,0
20,30,1
21,30,0
22,30,1
23,30,1
24,30,0
25,30,1
26,30,0
27,30,0
28,30,0
29,30,0
0,31,0
1,31,0
2,31,1
3,31,1
4,31,0
5,31,0
6,31,0
7,31,0
8,31,0
9,31,0
10,31,0
11,31,1
12,31,1
13,31,0
14,31,0
15,31,1
16,31,0
17,31,1
18,31,0
19,31,0
20,31,0
21,31,0
22,31,1
23,31,1
24,31,0
25,31,0
26,31,0
27,31,0
28,31,0
29,31,0
0,32,0
1,32,0
2,32,0
3,32,1
4,32,0
5,32,0
6,32,0
7,32,0
8,32,0
9,32,0
10,32,0
11,32,0
12,32,1
13,32,0
14,32,0
15,32,1
16,32,1
17,32,0
18,32,0
19,32,0
20,32,0
21,32,0
22,32,1
23,32,1
24,32,0
25,32,0
26,32,0
27,32,0
28,32,0
29,32,0
0,33,0
1,33,0
2,33,1
3,33,1
4,33,0
5,33,0
6,33,0
7,33,0
8,33,0
9,33,0
10,33,0
11,33,1
12,33,0
13,33,0
14,33,0
15,33,1
16,33,1
17,33,0
18,33,0
19,33,0
20,33,0
21,33,0
22,33,1
23,33,1
24,33,0
25,33,1
26,33,0
27,33,0
28,33,0
29,33,0
0,34,0
1,34,0
2,34,1
3,34,0
4,34,0
5,34,0
6,34,0
7,34,0
8,34,0
9,34,0
10,34,0
11,34,1
12,34,1
13,34,0
14,34,0
15,34,1
16,34,1
17,34,0
18,34,0
19,34,0
20,34,0
21,34,0
22,34,1
23,34,1
24,34,0
25,34,0
26,34,0
27,34,1
28,34,0
29,34,0
0,35,0
1,35,0
2,35,1
3,35,1
4,35,0
5,35,0
6,35,0
7,35,1
8,35,0
9,35,0
10,35,0
11,35,0
12,35,0
13,35,1
14,35,0
15,35,1
16,35,1
17,35,0
18,35,0
19,35,0
20,35,0
21,35,0
22,35,0
23,35,1
24,35,0
25,35,0
26,35,0
27,35,1
28,35,0
29,35,0
0,36,0
1,36,0
2,36,0
3,36,1
4,36,0
5,36,0
6,36,0
7,36,0
8,36,0
9,36,0
10,36,0
11,36,0
12,36,1
13,36,0
14,36,0
15,36,1
16,36,1
17,36,1
18,36,0
19,36,0
20,36,0
21,36,0
22,36,1
23,36,1
24,36,0
25,36,0
26,36,0
27,36,1
28,36,0
29,36,0
0,37,0
1,37,0
2,37,1
3,37,1
4,37,0
5,37,0
6,37,0
7,37,1
8,37,0
9,37,1
10,37,0
11,37,0
12,37,0
13,37,0
14,37,0
15,37,1
16,37,1
17,37,1
18,37,0
19,37,0
20,37,0
21,37,0
22,37,1
23,37,1
24,37,0
25,37,0
26,37,1
27,37,0
28,37,0
29,37,0
0,38,0
1,38,0
2,38,1
3,38,1
4,38,0
5,38,0
6,38,0
7,38,0
8,38,0
9,38,0
10,38,0
11,38,1
12,38,1
13,38,1
14,38,0
15,38,0
16,38,1
17,38,0
18,38,0
19,38,0
20,38,0
21,38,0
22,38,0
23,38,1
24,38,0
25,38,0
26,38,0
27,38,0
28,38,0
29,38,0
0,39,0
1,39,0
2,39,1
3,39,1
4,39,0
5,39,0
6,39,0
7,39,0
8,39,0
9,39,0
10,39,0
11,39,0
12,39,1
13,39,0
14,39,0
15,39,1
16,39,0
17,39,0
18,39,0
19,39,0
20,39,0
21,39,0
22,39,1
23,39,1
24,39,0
25,39,0
26,39,0
27,39,0
28,39,1
29,39,0
0,40,1
1,40,0
2,40,1
3,40,1
4,40,1
5,40,0
6,40,0
7,40,0
8,40,0
9,40,0
10,40,0
11,40,0
12,40,0
13,40,0
14,40,0
15,40,1
16,40,1
17,40,1
18,40,0
19,40,0
20,40,0
21,40,0
22,40,0
23,40,1
24,40,0
25,40,1
26,40,0
27,40,0
28,40,0
29,40,0
0,41,1
1,41,0
2,41,1
3,41,1
4,41,1
5,41,0
6,41,0
7,41,0
8,41,1
9,41,0
10,41,0
11,41,0
12,41,0
13,41,0
14,41,0
15,41,1
16,41,1
17,41,0
18,41,0
19,41,0
20,41,0
21,41,0
22,41,1
23,41,1
24,41,0
25,41,1
26,41,0
27,41,0
28,41,0
29,41,0
0,42,1
1,42,0
2,42,0
3,42,1
4,42,1
5,42,0
6,42,0
7,42,1
8,42,0
9,42,0
10,42,0
11,42,0
12,42,0
13,42,0
14,42,0
15,42,1
16,42,1
17,42,0
18,42,0
19,42,0
20,42,0
21,42,0
22,42,0
23,42,1
24,42,0
25,42,0
26,42,0
27,42,0
28,42,0
29,42,0
0,43,1
1,43,0
2,43,1
3,43,1
4,43,0
5,43,0
6,43,0
7,43,1
8,43,0
9,43,0
10,43,0
11,43,1
12,43,0
13,43,0
14,43,0
15,43,1
16,43,1
17,43,1
18,43,0
19,43,0
20,43,0
21,43,0
22,43,1
23,43,1
24,43,0
25,43,1
26,43,0
27,43,0
28,43,0
29,43,0
0,44,0
1,44,0
2,44,1
3,44,1
4,44,0
5,44,0
6,44,0
7,44,0
8,44,0
9,44,0
10,44,0
11,44,1
12,44,0
13,44,0
14,44,0
15,44,1
16,44,1
17,44,1
18,44,0
19,44,0
20,44,0
21,44,0
22,44,1
23,44,1
24,44,0
25,44,1
26,44,0
27,44,0
28,44,0
29,44,0
0,45,1
1,45,0
2,45,0
3,45,1
4,45,1
5,45,1
6,45,0
7,45,0
8,45,0
9,45,0
10,45,0
11,45,0
12,45,1
13,45,0
14,45,0
15,45,1
16,45,1
17,45,1
18,45,0
19,45,0
20,45,0
21,45,0
22,45,0
23,45,1
24,45,1
25,45,1
26,45,0
27,45,0
28,45,0
29,45,0
0,46,1
1,46,0
2,46,1
3,46,1
4,46,1
5,46,1
6,46,0
7,46,0
8,46,0
9,46,0
10,46,0
11,46,0
12,46,1
13,46,0
14,46,1
15,46,1
16,46,1
17,46,0
18,46,0
19,46,0
20,46,0
21,46,0
22,46,0
23,46,1
24,46,0
25,46,1
26,46,0
27,46,0
28,46,1
29,46,0
0,47,1
1,47,0
2,47,0
3,47,1
4,47,1
5,47,0
6,47,0
7,47,0
8,47,0
9,47,0
10,47,0
11,47,0
12,47,0
13,47,0
14,47,1
15,47,1
16,47,1
17,47,1
18,47,0
19,47,0
20,47,1
21,47,0
22,47,1
23,47,1
24,47,0
25,47,1
26,47,0
27,47,0
28,47,0
29,47,0
0,48,1
1,48,0
2,48,0
3,48,1
4,48,1
5,48,1
6,48,0
7,48,0
8,48,0
9,48,0
10,48,0
11,48,0
12,48,1
13,48,0
14,48,1
15,48,1
16,48,0
17,48,0
18,48,0
19,48,0
20,48,0
21,48,0
22,48,1
23,48,1
24,48,0
25,48,0
26,48,0
27,48,0
28,48,0
29,48,0
0,49,1
1,49,0
2,49,0
3,49,1
4,49,1
5,49,0
6,49,0
7,49,1
8,49,0
9,49,0
10,49,0
11,49,0
12,49,1
13,49,0
14,49,0
15,49,1
16,49,0
17,49,0
18,49,0
19,49,0
20,49,0
21,49,0
22,49,1
23,49,1
24,49,0
25,49,0
26,49,1
27,49,0
28,49,1
29,49,0
0,50,1
1,50,0
2,50,0
3,50,1
4,50,1
5,50,0
6,50,0
7,50,0
8,50,0
9,50,0
10,50,0
11,50,1
12,50,0
13,50,0
14,50,0
15,50,1
16,50,1
17,50,1
18,50,0
19,50,0
20,50,1
21,50,0
22,50,1
23,50,1
24,50,0
25,50,0
26,50,0
27,50,1
28,50,0
29,50,0
0,51,0
1,51,0
2,51,1
3,51,1
4,51,1
5,51,0
6,51,0
7,51,1
8,51,0
9,51,0
10,51,0
11,51,0
12,51,0
13,51,0
14,51,1
15,51,1
16,51,1
17,51,0
18,51,1
19,51,0
20,51,0
21,51,0
22,51,1
23,51,1
24,51,0
25,51,1
26,51,0
27,51,1
28,51,0
29,51,0
0,52,0
1,52,0
2,52,1
3,52,1
4,52,1
5,52,0
6,52,0
7,52,0
8,52,0
9,52,0
10,52,0
11,52,0
12,52,0
13,52,0
14,52,0
15,52,1
16,52,1
17,52,0
18,52,0
19,52,0
20,52,0
21,52,0
22,52,1
23,52,1
24,52,0
25,52,1
26,52,0
27,52,1
28,52,0
29,52,0
0,53,0
1,53,0
2,53,0
3,53,1
4,53,1
5,53,0
6,53,0
7,53,0
8,53,0
9,53,0
10,53,0
11,53,1
12,53,0
13,53,0
14,53,0
15,53,1
16,53,1
17,53,0
18,53,0
19,53,0
20,53,0
21,53,0
22,53,0
23,53,1
24,53,0
25,53,0
26,53,0
27,53,0
28,53,0
29,53,0
0,54,1
1,54,0
2,54,0
3,54,1
4,54,1
5,54,0
6,54,0
7,54,1
8,54,0
9,54,0
10,54,0
11,54,1
12,54,0
13,54,0
14,54,0
15,54,1
16,54,1
17,54,0
18,54,0
19,54,0
20,54,0
21,54,0
22,54,0
23,54,1
24,54,0
25,54,0
26,54,0
27,54,1
28,54,0
29,54,0
0,55,1
1,55,0
2,55,1
3,55,1
4,55,0
5,55,0
6,55,0
7,55,1
8,55,0
9,55,0
10,55,0
11,55,0
12,55,1
13,55,0
14,55,0
15,55,1
16,55,1
17,55,1
18,55,0
19,55,0
20,55,0
21,55,0
22,55,1
23,55,1
24,55,0
25,55,0
26,55,0
27,55,0
28,55,0
29,55,0
0,56,1
1,56,0
2,56,0
3,56,1
4,56,1
5,56,0
6,56,0
7,56,0
8,56,0
9,56,0
10,56,0
11,56,0
12,56,0
13,56,0
14,56,1
15,56,1
16,56,1
17,56,1
18,56,0
19,56,0
20,56,1
21,56,0
22,56,0
23,56,1
24,56,0
25,56,1
26,56,1
27,56,0
28,56,1
29,56,0
0,57,1
1,57,0
2,57,1
3,57,1
4,57,0
5,57,0
6,57,0
7,57,0
8,57,0
9,57,0
10,57,0
11,57,0
12,57,1
13,57,0
14,57,0
15,57,1
16,57,0
17,57,0
18,57,0
19,57,0
20,57,1
21,57,0
22,57,1
23,57,1
24,57,0
25,57,0
26,57,1
27,57,0
28,57,0
29,57,0
0,58,1
1,58,1
2,58,1
3,58,1
4,58,0
5,58,0
6,58,0
7,58,0
8,58,1
9,58,0
10,58,0
11,58,0
12,58,0
13,58,0
14,58,0
15,58,1
16,58,1
17,58,1
18,58,0
19,58,0
20,58,0
21,58,0
22,58,0
23,58,1
24,58,0
25,58,0
26,58,0
27,58,0
28,58,0
29,58,0
0,59,1
1,59,0
2,59,0
3,59,1
4,59,1
5,59,1
6,59,0
7,59,0
8,59,1
9,59,0
10,59,0
11,59,1
12,59,0
13,59,0
14,59,0
15,59,1
16,59,1
17,59,1
18,59,0
19,59,0
20,59,0
21,59,0
22,59,0
23,59,1
24,59,0
25,59,0
26,59,0
27,59,0
28,59,0
29,59,0
0,60,0
1,60,1
2,60,0
3,60,0
4,60,1
5,60,0
6,60,0
7,60,0
8,60,0
9,60,0
10,60,0
11,60,0
12,60,0
13,60,0
14,60,0
15,60,1
16,60,1
17,60,0
18,60,0
19,60,0
20,60,0
21,60,1
22,60,0
23,60,1
24,60,0
25,60,0
26,60,0
27,60,0
28,60,0
29,60,0
0,61,0
1,61,0
2,61,0
3,61,1
4,61,0
5,61,1
6,61,0
7,61,1
8,61,0
9,61,0
10,61,0
11,61,1
12,61,0
13,61,0
14,61,1
15,61,1
16,61,1
17,61,0
18,61,0
19,61,0
20,61,0
21,61,0
22,61,0
23,61,1
24,61,0
25,61,1
26,61,0
27,61,0
28,61,0
29,61,0
0,62,0
1,62,0
2,62,1
3,62,1
4,62,1
5,62,0
6,62,0
7,62,1
8,62,0
9,62,0
10,62,0
11,62,1
12,62,1
13,62,0
14,62,0
15,62,1
16,62,1
17,62,1
18,62,0
19,62,0
20,62,0
21,62,0
22,62,1
23,62,1
24,62,0
25,62,0
26,62,0
27,62,0
28,62,0
29,62,0
0,63,1
1,63,0
2,63,1
3,63,1
4,63,0
5,63,0
6,63,0
7,63,0
8,63,0
9,63,0
10,63,0
11,63,1
12,63,0
13,63,0
14,63,0
15,63,1
16,63,1
17,63,0
18,63,0
19,63,0
20,63,0
21,63,0
22,63,1
23,63,1
24,63,0
25,63,1
26,63,0
27,63,0
28,63,0
29,63,0
0,64,1
1,64,0
2,64,1
3,64,1
4,64,0
5,64,0
6,64,0
7,64,1
8,64,0
9,64,0
10,64,0
11,64,0
12,64,1
13,64,0
14,64,0
15,64,1
16,64,0
17,64,0
18,64,0
19,64,0
20,64,1
21,64,0
22,64,1
23,64,1
24,64,0
25,64,0
26,64,0
27,64,0
28,64,0
29,64,0
0,65,1
1,65,0
2,65,0
3,65,1
4,65,1
5,65,0
6,65,0
7,65,0
8,65,0
9,65,0
10,65,0
11,65,1
12,65,1
13,65,0
14,65,0
15,65,1
16,65,1
17,65,1
18,65,0
19,65,0
20,65,0
21,65,0
22,65,1
23,65,1
24,65,0
25,65,0
26,65,0
27,65,0
28,65,0
29,65,0
0,66,1
1,66,0
2,66,1
3,66,1
4,66,0
5,66,1
6,66,0
7,66,0
8,66,0
9,66,0
10,66,0
11,66,1
12,66,1
13,66,0
14,66,0
15,66,1
16,66,0
17,66,0
18,66,0
19,66,0
20,66,0
21,66,0
22,66,1
23,66,1
24,66,0
25,66,1
26,66,0
27,66,0
28,66,1
29,66,0
0,67,1
1,67,0
2,67,0
3,67,1
4,67,1
5,67,1
6,67,0
7,67,0
8,67,0
9,67,0
10,67,0
11,67,0
12,67,0
13,67,0
14,67,0
15,67,1
16,67,0
17,67,0
18,67,0
19,67,0
20,67,0
21,67,0
22,67,1
23,67,1
24,67,0
25,67,1
26,67,0
27,67,0
28,67,0
29,67,0
0,68,0
1,68,0
2,68,1
3,68,1
4,68,1
5,68,0
6,68,0
7,68,0
8,68,0
9,68,0
10,68,0
11,68,0
12,68,1
13,68,0
14,68,0
15,68,1
16,68,1
17,68,0
18,68,0
19,68,0
20,68,0
21,68,0
22,68,1
23,68,1
24,68,0
25,68,1
26,68,0
27,68,0
28,68,0
29,68,0
0,69,0
1,69,0
2,69,1
3,69,1
4,69,0
5,69,0
6,69,0
7,69,1
8,69,0
9,69,0
10,69,0
11,69,1
12,69,0
13,69,1
14,69,0
15,69,1
16,69,1
17,69,0
18,69,0
19,69,0
20,69,0
21,69,0
22,69,1
23,69,1
24,69,0
25,69,0
26,69,0
27,69,0
28,69,0
29,69,0
0,70,0
1,70,0
2,70,0
3,70,0
4,70,1
5,70,0
6,70,0
7,70,0
8,70,0
9,70,0
10,70,0
11,70,0
12,70,0
13,70,0
14,70,0
15,70,1
16,70,1
17,70,1
18,70,0
19,70,0
20,70,0
21,70,0
22,70,0
23,70,1
24,70,0
25,70,1
26,70,0
27,70,0
28,70,1
29,70,0
0,71,1
1,71,0
2,71,0
3,71,1
4,71,0
5,71,0
6,71,0
7,71,1
8,71,0
9,71,0
10,71,0
11,71,0
12,71,0
13,71,0
14,71,0
15,71,1
16,71,1
17,71,1
18,71,0
19,71,0
20,71,0
21,71,0
22,71,1
23,71,1
24,71,0
25,71,1
26,71,0
27,71,0
28,71,0
29,71,0
0,72,1
1,72,0
2,72,1
3,72,1
4,72,1
5,72,0
6,72,0
7,72,1
8,72,0
9,72,0
10,72,0
11,72,0
12,72,0
13,72,0
14,72,0
15,72,1
16,72,0
17,72,0
18,72,0
19,72,0
20,72,0
21,72,0
22,72,1
23,72,1
24,72,0
25,72,0
26,72,0
27,72,0
28,72,0
29,72,0
0,73,1
1,73,1
2,73,0
3,73,0
4,73,0
5,73,0
6,73,0
7,73,0
8,73,0
9,73,0
10,73,0
11,73,0
12,73,1
13,73,0
14,73,0
15,73,1
16,73,1
17,73,0
18,73,0
19,73,0
20,73,0
21,73,0
22,73,1
23,73,1
24,73,0
25,73,0
26,73,0
27,73,0
28,73,0
29,73,0
0,74,1
1,74,0
2,74,1
3,74,1
4,74,0
5,74,0
6,74,0
7,74,0
8,74,0
9,74,0
10,74,0
11,74,1
12,74,0
13,74,0
14,74,1
15,74,1
16,74,1
17,74,0
18,74,0
19,74,0
20,74,0
21,74,0
22,74,0
23,74,1
24,74,0
25,74,1
26,74,0
27,74,0
28,74,1
29,74,0
0,75,1
1,75,0
2,75,1
3,75,1
4,75,0
5,75,0
6,75,0
7,75,0
8,75,0
9,75,0
10,75,0
11,75,1
12,75,0
13,75,0
14,75,1
15,75,1
16,75,1
17,75,0
18,75,0
19,75,0
20,75,1
21,75,0
22,75,1
23,75,1
24,75,0
25,75,1
26,75,0
27,75,0
28,75,0
29,75,0
0,76,1
1,76,0
2,76,0
3,76,0
4,76,0
5,76,0
6,76,0
7,76,0
8,76,0
9,76,0
10,76,0
11,76,1
12,76,1
13,76,0
14,76,1
15,76,1
16,76,1
17,76,1
18,76,0
19,76,1
20,76,1
21,76,0
22,76,0
23,76,1
24,76,0
25,76,0
26,76,0
27,76,0
28,76,0
29,76,0
0,77,1
1,77,1
2,77,0
3,77,1
4,77,0
5,77,0
6,77,0
7,77,1
8,77,0
9,77,0
10,77,0
11,77,1
12,77,1
13,77,0
14,77,0
15,77,1
16,77,1
17,77,1
18,77,0
19,77,0
20,77,1
21,77,0
22,77,0
23,77,1
24,77,0
25,77,0
26,77,0
27,77,0
28,77,0
29,77,0
0,78,0
1,78,0
2,78,0
3,78,0
4,78,1
5,78,0
6,78,0
7,78,1
8,78,0
9,78,0
10,78,0
11,78,0
12,78,0
13,78,0
14,78,1
15,78,1
16,78,1
17,78,1
18,78,0
19,78,0
20,78,1
21,78,0
22,78,1
23,78,1
24,78,0
25,78,0
26,78,0
27,78,0
28,78,0
29,78,0
0,79,0
1,79,0
2,79,1
3,79,1
4,79,1
5,79,0
6,79,0
7,79,1
8,79,0
9,79,0
10,79,0
11,79,1
12,79,1
13,79,0
14,79,0
15,79,1
16,79,1
17,79,0
18,79,0
19,79,0
20,79,1
21,79,0
22,79,0
23,79,1
24,79,0
25,79,0
26,79,0
27,79,0
28,79,0
29,79,0
0,80,0
1,80,0
2,80,1
3,80,1
4,80,0
5,80,0
6,80,0
7,80,0
8,80,0
9,80,0
10,80,0
11,80,1
12,80,1
13,80,0
14,80,0
15,80,1
16,80,1
17,80,1
18,80,1
19,80,1
20,80,1
21,80,0
22,80,0
23,80,1
24,80,1
25,80,0
26,80,0
27,80,0
28,80,0
29,80,0
0,81,0
1,81,0
2,81,0
3,81,1
4,81,1
5,81,0
6,81,0
7,81,0
8,81,0
9,81,0
10,81,0
11,81,1
12,81,0
13,81,0
14,81,0
15,81,1
16,81,1
17,81,0
18,81,0
19,81,0
20,81,0
21,81,0
22,81,1
23,81,1
24,81,0
25,81,1
26,81,0
27,81,0
28,81,0
29,81,0
0,82,1
1,82,0
2,82,1
3,82,1
4,82,0
5,82,1
6,82,0
7,82,0
8,82,0
9,82,0
10,82,0
11,82,0
12,82,0
13,82,0
14,82,0
15,82,1
16,82,1
17,82,0
18,82,1
19,82,0
20,82,0
21,82,0
22,82,0
23,82,1
24,82,0
25,82,1
26,82,0
27,82,0
28,82,0
29,82,0
0,83,1
1,83,0
2,83,1
3,83,1
4,83,0
5,83,0
6,83,0
7,83,1
8,83,0
9,83,0
10,83,0
11,83,1
12,83,1
13,83,0
14,83,0
15,83,1
16,83,1
17,83,0
18,83,0
19,83,0
20,83,1
21,83,0
22,83,1
23,83,1
24,83,0
25,83,0
26,83,0
27,83,0
28,83,0
29,83,0
0,84,1
1,84,0
2,84,0
3,84,1
4,84,0
5,84,1
6,84,0
7,84,1
8,84,0
9,84,0
10,84,0
11,84,1
12,84,0
13,84,0
14,84,0
15,84,1
16,84,1
17,84,1
18,84,0
19,84,0
20,84,1
21,84,0
22,84,0
23,84,1
24,84,0
25,84,0
26,84,0
27,84,0
28,84,0
29,84,1
0,85,1
1,85,0
2,85,0
3,85,1
4,85,1
5,85,0
6,85,0
7,85,1
8,85,0
9,85,0
10,85,0
11,85,1
12,85,0
13,85,0
14,85,0
15,85,1
16,85,0
17,85,0
18,85,0
19,85,0
20,85,1
21,85,0
22,85,0
23,85,1
24,85,0
25,85,1
26,85,0
27,85,0
28,85,1
29,85,0
0,86,0
1,86,0
2,86,0
3,86,0
4,86,1
5,86,0
6,86,0
7,86,0
8,86,0
9,86,0
10,86,0
11,86,0
12,86,1
13,86,0
14,86,0
15,86,1
16,86,1
17,86,1
18,86,0
19,86,0
20,86,1
21,86,0
22,86,1
23,86,1
24,86,0
25,86,0
26,86,0
27,86,0
28,86,0
29,86,0
0,87,0
1,87,1
2,87,1
3,87,1
4,87,0
5,87,0
6,87,0
7,87,0
8,87,0
9,87,0
10,87,0
11,87,0
12,87,0
13,87,0
14,87,0
15,87,1
16,87,0
17,87,0
18,87,0
19,87,0
20,87,0
21,87,0
22,87,1
23,87,1
24,87,0
25,87,1
26,87,0
27,87,0
28,87,0
29,87,0
0,88,1
1,88,0
2,88,1
3,88,0
4,88,1
5,88,0
6,88,0
7,88,0
8,88,0
9,88,0
10,88,0
11,88,0
12,88,0
13,88,0
14,88,0
15,88,1
16,88,0
17,88,1
18,88,0
19,88,0
20,88,0
21,88,0
22,88,1
23,88,1
24,88,0
25,88,1
26,88,1
27,88,0
28,88,0
29,88,0
0,89,0
1,89,0
2,89,0
3,89,1
4,89,1
5,89,0
6,89,0
7,89,0
8,89,0
9,89,0
10,89,0
11,89,0
12,89,0
13,89,0
14,89,0
15,89,1
16,89,1
17,89,0
18,89,0
19,89,0
20,89,0
21,89,0
22,89,1
23,89,1
24,89,0
25,89,0
26,89,0
27,89,0
28,89,0
29,89,0
0,90,1
1,90,0
2,90,0
3,90,1
4,90,0
5,90,0
6,90,0
7,90,0
8,90,0
9,90,0
10,90,0
11,90,0
12,90,0
13,90,0
14,90,0
15,90,1
16,90,1
17,90,0
18,90,1
19,90,0
20,90,0
21,90,0
22,90,1
23,90,1
24,90,0
25,90,1
26,90,0
27,90,0
28,90,1
29,90,0
0,91,1
1,91,0
2,91,0
3,91,0
4,91,0
5,91,0
6,91,0
7,91,0
8,91,0
9,91,0
10,91,0
11,91,0
12,91,0
13,91,0
14,91,1
15,91,1
16,91,1
17,91,0
18,91,0
19,91,0
20,91,0
21,91,0
22,91,1
23,91,1
24,91,0
25,91,1
26,91,0
27,91,0
28,91,0
29,91,0
0,92,1
1,92,0
2,92,0
3,92,1
4,92,1
5,92,0
6,92,0
7,92,0
8,92,0
9,92,0
10,92,0
11,92,0
12,92,0
13,92,0
14,92,0
15,92,1
16,92,0
17,92,1
18,92,0
19,92,0
20,92,1
21,92,0
22,92,1
23,92,1
24,92,1
25,92,1
26,92,0
27,92,0
28,92,0
29,92,0
0,93,1
1,93,0
2,93,0
3,93,0
4,93,0
5,93,0
6,93,0
7,93,0
8,93,0
9,93,0
10,93,0
11,93,1
12,93,0
13,93,0
14,93,0
15,93,1
16,93,1
17,93,0
18,93,0
19,93,0
20,93,0
21,93,0
22,93,1
23,93,1
24,93,0
25,93,1
26,93,0
27,93,0
28,93,0
29,93,0
0,94,0
1,94,0
2,94,1
3,94,1
4,94,0
5,94,0
6,94,0
7,94,0
8,94,0
9,94,0
10,94,0
11,94,1
12,94,1
13,94,0
14,94,0
15,94,0
16,94,1
17,94,1
18,94,0
19,94,0
20,94,1
21,94,0
22,94,1
23,94,1
24,94,0
25,94,1
26,94,0
27,94,0
28,94,0
29,94,0
0,95,0
1,95,0
2,95,1
3,95,1
4,95,0
5,95,0
6,95,0
7,95,0
8,95,0
9,95,0
10,95,0
11,95,0
12,95,0
13,95,0
14,95,0
15,95,1
16,95,1
17,95,0
18,95,0
19,95,0
20,95,1
21,95,0
22,95,1
23,95,1
24,95,1
25,95,1
26,95,0
27,95,0
28,95,0
29,95,0
0,96,0
1,96,0
2,96,1
3,96,1
4,96,0
5,96,0
6,96,0
7,96,0
8,96,0
9,96,0
10,96,0
11,96,1
12,96,1
13,96,1
14,96,0
15,96,1
16,96,1
17,96,0
18,96,0
19,96,0
20,96,1
21,96,0
22,96,1
23,96,1
24,96,0
25,96,1
26,96,0
27,96,0
28,96,0
29,96,0
0,97,1
1,97,0
2,97,0
3,97,0
4,97,1
5,97,0
6,97,0
7,97,0
8,97,0
9,97,0
10,97,0
11,97,1
12,97,1
13,97,0
14,97,1
15,97,1
16,97,1
17,97,0
18,97,0
19,97,0
20,97,0
21,97,0
22,97,0
23,97,1
24,97,0
25,97,0
26,97,0
27,97,0
28,97,0
29,97,0
0,98,1
1,98,0
2,98,1
3,98,1
4,98,0
5,98,1
6,98,0
7,98,0
8,98,0
9,98,0
10,98,0
11,98,0
12,98,1
13,98,0
14,98,0
15,98,1
16,98,0
17,98,0
18,98,0
19,98,0
20,98,0
21,98,0
22,98,1
23,98,1
24,98,0
25,98,0
26,98,0
27,98,0
28,98,0
29,98,1
0,99,1
1,99,0
2,99,0
3,99,1
4,99,1
5,99,0
6,99,0
7,99,0
8,99,1
9,99,0
10,99,0
11,99,0
12,99,0
13,99,0
14,99,0
15,99,1
16,99,1
17,99,0
18,99,0
19,99,0
20,99,0
21,99,0
22,99,0
23,99,1
24,99,0
25,99,1
26,99,0
27,99,0
28,99,0
29,99,0
0,100,1
1,100,0
2,100,1
3,100,1
4,100,0
5,100,0
6,100,0
7,100,1
8,100,0
9,100,0
10,100,0
11,100,1
12,100,0
13,100,0
14,100,0
15,100,1
16,100,1
17,100,0
18,100,0
19,100,0
20,100,0
21,100,0
22,100,1
23,100,1
24,100,0
25,100,1
26,100,0
27,100,0
28,100,0
29,100,0
0,101,1
1,101,0
2,101,0
3,101,1
4,101,0
5,101,0
6,101,0
7,101,0
8,101,0
9,101,0
10,101,0
11,101,0
12,101,0
13,101,0
14,101,0
15,101,1
16,101,1
17,101,0
18,101,1
19,101,0
20,101,0
21,101,0
22,101,1
23,101,1
24,101,0
25,101,1
26,101,0
27,101,0
28,101,1
29,101,0
0,102,1
1,102,0
2,102,1
3,102,1
4,102,1
5,102,0
6,102,0
7,102,0
8,102,0
9,102,0
10,102,0
11,102,0
12,102,0
13,102,0
14,102,0
15,102,1
16,102,1
17,102,0
18,102,0
19,102,0
20,102,0
21,102,0
22,102,1
23,102,1
24,102,0
25,102,0
26,102,0
27,102,0
28,102,0
29,102,0
0,103,1
1,103,0
2,103,1
3,103,1
4,103,1
5,103,0
6,103,0
7,103,0
8,103,0
9,103,0
10,103,0
11,103,0
12,103,1
13,103,0
14,103,0
15,103,1
16,103,1
17,103,0
18,103,0
19,103,0
20,103,0
21,103,0
22,103,1
23,103,1
24,103,0
25,103,0
26,103,0
27,103,0
28,103,0
29,103,0
0,104,1
1,104,1
2,104,0
3,104,1
4,104,0
5,104,0
6,104,0
7,104,0
8,104,0
9,104,0
10,104,0
11,104,0
12,104,0
13,104,0
14,104,1
15,104,1
16,104,0
17,104,0
18,104,0
19,104,0
20,104,1
21,104,0
22,104,1
23,104,1
24,104,0
25,104,1
26,104,1
27,104,0
28,104,0
29,104,0
0,105,1
1,105,1
2,105,0
3,105,1
4,105,0
5,105,1
6,105,0
7,105,1
8,105,0
9,105,0
10,105,0
11,105,1
12,105,1
13,105,0
14,105,0
15,105,1
16,105,0
17,105,0
18,105,0
19,105,1
20,105,1
21,105,0
22,105,1
23,105,1
24,105,0
25,105,0
26,105,0
27,105,0
28,105,0
29,105,0
0,106,0
1,106,1
2,106,1
3,106,1
4,106,0
5,106,0
6,106,0
7,106,0
8,106,0
9,106,1
10,106,0
11,106,1
12,106,1
13,106,0
14,106,1
15,106,1
16,106,0
17,106,0
18,106,0
19,106,0
20,106,0
21,106,0
22,106,1
23,106,1
24,106,0
25,106,0
26,106,0
27,106,0
28,106,0
29,106,0
0,107,1
1,107,1
2,107,1
3,107,0
4,107,1
5,107,0
6,107,0
7,107,0
8,107,0
9,107,0
10,107,0
11,107,1
12,107,1
13,107,0
14,107,1
15,107,1
16,107,1
17,107,0
18,107,0
19,107,0
20,107,0
21,107,0
22,107,1
23,107,1
24,107,0
25,107,0
26,107,0
27,107,0
28,107,0
29,107,0
0,108,1
1,108,1
2,108,1
3,108,1
4,108,1
5,108,0
6,108,0
7,108,1
8,108,0
9,108,0
10,108,0
11,108,1
12,108,0
13,108,0
14,108,0
15,108,1
16,108,0
17,108,0
18,108,0
19,108,0
20,108,0
21,108,0
22,108,1
23,108,1
24,108,0
25,108,0
26,108,0
27,108,0
28,108,0
29,108,0
0,109,1
1,109,1
2,109,0
3,109,0
4,109,0
5,109,0
6,109,0
7,109,0
8,109,0
9,109,0
10,109,0
11,109,0
12,109,0
13,109,0
14,109,0
15,109,1
16,109,1
17,109,0
18,109,0
19,109,0
20,109,0
21,109,0
22,109,1
23,109,1
24,109,0
25,109,0
26,109,0
27,109,0
28,109,0
29,109,0
0,110,1
1,110,1
2,110,1
3,110,1
4,110,0
5,110,1
6,110,0
7,110,1
8,110,0
9,110,0
10,110,0
11,110,0
12,110,1
13,110,0
14,110,0
15,110,1
16,110,1
17,110,0
18,110,0
19,110,0
20,110,0
21,110,0
22,110,1
23,110,1
24,110,0
25,110,0
26,110,0
27,110,0
28,110,0
29,110,0
0,111,1
1,111,1
2,111,1
3,111,1
4,111,0
5,111,0
6,111,0
7,111,0
8,111,0
9,111,0
10,111,0
11,111,0
12,111,0
13,111,0
14,111,0
15,111,1
16,111,1
17,111,0
18,111,0
19,111,0
20,111,0
21,111,0
22,111,1
23,111,1
24,111,0
25,111,0
26,111,1
27,111,0
28,111,0
29,111,0
0,112,0
1,112,1
2,112,0
3,112,1
4,112,0
5,112,1
6,112,0
7,112,0
8,112,0
9,112,0
10,112,0
11,112,0
12,112,1
13,112,0
14,112,0
15,112,1
16,112,1
17,112,0
18,112,0
19,112,0
20,112,0
21,112,0
22,112,1
23,112,1
24,112,0
25,112,1
26,112,0
27,112,0
28,112,0
29,112,0
0,113,0
1,113,0
2,113,0
3,113,1
4,113,0
5,113,0
6,113,0
7,113,1
8,113,0
9,113,1
10,113,0
11,113,0
12,113,0
13,113,0
14,113,0
15,113,0
16,113,1
17,113,0
18,113,0
19,113,0
20,113,1
21,113,0
22,113,1
23,113,1
24,113,0
25,113,0
26,113,0
27,113,0
28,113,0
29,113,0
0,114,1
1,114,0
2,114,0
3,114,1
4,114,0
5,114,1
6,114,0
7,114,1
8,114,0
9,114,0
10,114,0
11,114,0
12,114,1
13,114,0
14,114,0
15,114,1
16,114,1
17,114,0
18,114,0
19,114,0
20,114,0
21,114,0
22,114,1
23,114,1
24,114,0
25,114,1
26,114,0
27,114,0
28,114,0
29,114,0
0,115,1
1,115,0
2,115,1
3,115,1
4,115,1
5,115,0
6,115,0
7,115,0
8,115,0
9,115,0
10,115,0
11,115,1
12,115,1
13,115,0
14,115,1
15,115,0
16,115,0
17,115,0
18,115,0
19,115,0
20,115,0
21,115,0
22,115,0
23,115,1
24,115,0
25,115,1
26,115,0
27,115,0
28,115,0
29,115,0
0,116,1
1,116,0
2,116,0
3,116,1
4,116,1
5,116,1
6,116,0
7,116,0
8,116,0
9,116,0
10,116,0
11,116,1
12,116,0
13,116,0
14,116,0
15,116,1
16,116,0
17,116,0
18,116,0
19,116,0
20,116,0
21,116,0
22,116,1
23,116,1
24,116,0
25,116,1
26,116,0
27,116,0
28,116,0
29,116,0
0,117,1
1,117,0
2,117,0
3,117,0
4,117,0
5,117,1
6,117,0
7,117,1
8,117,0
9,117,0
10,117,0
11,117,0
12,117,1
13,117,0
14,117,1
15,117,1
16,117,1
17,117,0
18,117,0
19,117,0
20,117,0
21,117,0
22,117,1
23,117,1
24,117,0
25,117,1
26,117,0
27,117,0
28,117,1
29,117,0
0,118,1
1,118,0
2,118,0
3,118,0
4,118,0
5,118,1
6,118,0
7,118,1
8,118,0
9,118,0
10,118,0
11,118,0
12,118,0
13,118,0
14,118,0
15,118,1
16,118,1
17,118,0
18,118,1
19,118,0
20,118,0
21,118,0
22,118,1
23,118,1
24,118,0
25,118,1
26,118,0
27,118,0
28,118,0
29,118,0
0,119,1
1,119,0
2,119,1
3,119,1
4,119,0
5,119,0
6,119,0
7,119,1
8,119,0
9,119,0
10,119,0
11,119,0
12,119,1
13,119,0
14,119,1
15,119,1
16,119,1
17,119,0
18,119,0
19,119,0
20,119,0
21,119,0
22,119,1
23,119,1
24,119,0
25,119,1
26,119,0
27,119,0
28,119,0
29,119,0
0,120,1
1,120,0
2,120,1
3,120,1
4,120,0
5,120,0
6,120,0
7,120,0
8,120,0
9,120,0
10,120,1
11,120,0
12,120,1
13,120,0
14,120,0
15,120,1
16,120,1
17,120,0
18,120,0
19,120,0
20,120,0
21,120,0
22,120,1
23,120,1
24,120,0
25,120,0
26,120,0
27,120,0
28,120,0
29,120,0
0,121,1
1,121,0
2,121,1
3,121,1
4,121,1
5,121,1
6,121,0
7,121,0
8,121,0
9,121,0
10,121,0
11,121,0
12,121,1
13,121,0
14,121,0
15,121,0
16,121,1
17,121,0
18,121,0
19,121,0
20,121,1
21,121,0
22,121,1
23,121,1
24,121,1
25,121,1
26,121,1
27,121,0
28,121,0
29,121,0
0,122,0
1,122,0
2,122,1
3,122,1
4,122,0
5,122,1
6,122,0
7,122,0
8,122,0
9,122,0
10,122,0
11,122,1
12,122,1
13,122,0
14,122,0
15,122,1
16,122,0
17,122,0
18,122,0
19,122,0
20,122,0
21,122,0
22,122,1
23,122,1
24,122,0
25,122,0
26,122,0
27,122,0
28,122,0
29,122,0
0,123,1
1,123,0
2,123,0
3,123,1
4,123,1
5,123,0
6,123,0
7,123,0
8,123,0
9,123,1
10,123,0
11,123,0
12,123,0
13,123,0
14,123,0
15,123,1
16,123,1
17,123,0
18,123,0
19,123,0
20,123,0
21,123,0
22,123,1
23,123,1
24,123,0
25,123,0
26,123,0
27,123,0
28,123,0
29,123,0
0,124,1
1,124,0
2,124,0
3,124,1
4,124,0
5,124,0
6,124,0
7,124,0
8,124,0
9,124,1
10,124,1
11,124,0
12,124,0
13,124,0
14,124,0
15,124,1
16,124,1
17,124,0
18,124,0
19,124,0
20,124,1
21,124,0
22,124,1
23,124,1
24,124,0
25,124,0
26,124,0
27,124,0
28,124,0
29,124,0
0,125,1
1,125,0
2,125,0
3,125,1
4,125,0
5,125,0
6,125,0
7,125,1
8,125,0
9,125,1
10,125,0
11,125,1
12,125,0
13,125,0
14,125,0
15,125,1
16,125,1
17,125,0
18,125,1
19,125,0
20,125,0
21,125,0
22,125,1
23,125,1
24,125,0
25,125,0
26,125,0
27,125,0
28,125,0
29,125,0
0,126,0
1,126,0
2,126,1
3,126,1
4,126,0
5,126,1
6,126,0
7,126,0
8,126,1
9,126,1
10,126,1
11,126,0
12,126,0
13,126,0
14,126,0
15,126,1
16,126,0
17,126,0
18,126,0
19,126,0
20,126,0
21,126,0
22,126,1
23,126,1
24,126,0
25,126,0
26,126,1
27,126,0
28,126,1
29,126,0
0,127,1
1,127,0
2,127,1
3,127,1
4,127,0
5,127,0
6,127,0
7,127,0
8,127,1
9,127,1
10,127,0
11,127,1
12,127,0
13,127,0
14,127,1
15,127,1
16,127,1
17,127,0
18,127,0
19,127,0
20,127,0
21,127,0
22,127,1
23,127,1
24,127,0
25,127,0
26,127,0
27,127,0
28,127,0
29,127,0
0,128,1
1,128,0
2,128,1
3,128,1
4,128,0
5,128,0
6,128,0
7,128,1
8,128,1
9,128,1
10,128,0
11,128,0
12,128,0
13,128,0
14,128,1
15,128,1
16,128,1
17,128,0
18,128,0
19,128,0
20,128,0
21,128,0
22,128,1
23,128,1
24,128,0
25,128,0
26,128,0
27,128,0
28,128,0
29,128,0
0,129,1
1,129,0
2,129,1
3,129,1
4,129,0
5,129,0
6,129,0
7,129,0
8,129,0
9,129,0
10,129,0
11,129,0
12,129,1
13,129,0
14,129,1
15,129,1
16,129,1
17,129,0
18,129,0
19,129,0
20,129,0
21,129,0
22,129,1
23,129,1
24,129,0
25,129,0
26,129,0
27,129,0
28,129,0
29,129,0
0,130,1
1,130,0
2,130,0
3,130,0
4,130,1
5,130,1
6,130,0
7,130,0
8,130,0
9,130,0
10,130,0
11,130,0
12,130,1
13,130,0
14,130,0
15,130,1
16,130,1
17,130,0
18,130,0
19,130,1
20,130,1
21,130,0
22,130,1
23,130,1
24,130,0
25,130,1
26,130,0
27,130,0
28,130,0
29,130,1
0,131,1
1,131,0
2,131,0
3,131,0
4,131,0
5,131,0
6,131,1
7,131,1
8,131,1
9,131,0
10,131,0
11,131,1
12,131,1
13,131,0
14,131,0
15,131,1
16,131,1
17,131,0
18,131,0
19,131,0
20,131,0
21,131,0
22,131,1
23,131,1
24,131,0
25,131,1
26,131,0
27,131,0
28,131,0
29,131,0
0,132,1
1,132,0
2,132,1
3,132,1
4,132,0
5,132,0
6,132,0
7,132,1
8,132,0
9,132,0
10,132,0
11,132,1
12,132,0
13,132,0
14,132,0
15,132,1
16,132,1
17,132,0
18,132,0
19,132,0
20,132,0
21,132,0
22,132,1
23,132,1
24,132,0
25,132,1
26,132,0
27,132,0
28,132,1
29,132,0
0,133,0
1,133,0
2,133,1
3,133,0
4,133,0
5,133,0
6,133,0
7,133,1
8,133,0
9,133,0
10,133,0
11,133,0
12,133,0
13,133,0
14,133,0
15,133,1
16,133,1
17,133,0
18,133,0
19,133,0
20,133,1
21,133,0
22,133,1
23,133,1
24,133,0
25,133,0
26,133,0
27,133,0
28,133,0
29,133,0
0,134,0
1,134,0
2,134,0
3,134,1
4,134,0
5,134,0
6,134,0
7,134,0
8,134,0
9,134,1
10,134,0
11,134,1
12,134,0
13,134,0
14,134,0
15,134,1
16,134,1
17,134,0
18,134,0
19,134,0
20,134,0
21,134,0
22,134,1
23,134,1
24,134,0
25,134,1
26,134,0
27,134,0
28,134,0
29,134,0
0,135,0
1,135,0
2,135,1
3,135,1
4,135,0
5,135,1
6,135,0
7,135,1
8,135,0
9,135,0
10,135,0
11,135,1
12,135,0
13,135,0
14,135,0
15,135,1
16,135,0
17,135,0
18,135,0
19,135,0
20,135,0
21,135,0
22,135,1
23,135,1
24,135,0
25,135,1
26,135,0
27,135,0
28,135,0
29,135,0
0,136,0
1,136,0
2,136,1
3,136,1
4,136,0
5,136,0
6,136,1
7,136,1
8,136,0
9,136,0
10,136,0
11,136,1
12,136,0
13,136,0
14,136,0
15,136,1
16,136,0
17,136,0
18,136,0
19,136,0
20,136,1
21,136,0
22,136,1
23,136,1
24,136,0
25,136,1
26,136,0
27,136,0
28,136,0
29,136,0
0,137,1
1,137,0
2,137,0
3,137,1
4,137,0
5,137,1
6,137,0
7,137,0
8,137,0
9,137,0
10,137,0
11,137,1
12,137,0
13,137,0
14,137,1
15,137,1
16,137,0
17,137,0
18,137,0
19,137,0
20,137,1
21,137,0
22,137,1
23,137,1
24,137,0
25,137,0
26,137,1
27,137,0
28,137,1
29,137,0
0,138,1
1,138,0
2,138,1
3,138,1
4,138,0
5,138,1
6,138,0
7,138,0
8,138,0
9,138,0
10,138,0
11,138,0
12,138,1
13,138,0
14,138,0
15,138,1
16,138,0
17,138,0
18,138,0
19,138,1
20,138,1
21,138,0
22,138,1
23,138,1
24,138,0
25,138,0
26,138,0
27,138,0
28,138,0
29,138,0
0,139,0
1,139,0
2,139,1
3,139,1
4,139,0
5,139,0
6,139,1
7,139,0
8,139,0
9,139,0
10,139,0
11,139,0
12,139,1
13,139,0
14,139,0
15,139,1
16,139,0
17,139,0
18,139,0
19,139,0
20,139,0
21,139,0
22,139,1
23,139,1
24,139,0
25,139,1
26,139,0
27,139,0
28,139,0
29,139,0
0,140,1
1,140,0
2,140,1
3,140,0
4,140,0
5,140,0
6,140,0
7,140,0
8,140,0
9,140,1
10,140,0
11,140,1
12,140,1
13,140,0
14,140,0
15,140,1
16,140,0
17,140,0
18,140,0
19,140,1
20,140,0
21,140,0
22,140,1
23,140,1
24,140,0
25,140,0
26,140,0
27,140,0
28,140,1
29,140,0
0,141,1
1,141,0
2,141,0
3,141,0
4,141,0
5,141,0
6,141,0
7,141,0
8,141,0
9,141,1
10,141,0
11,141,1
12,141,0
13,141,0
14,141,0
15,141,1
16,141,1
17,141,0
18,141,0
19,141,0
20,141,0
21,141,0
22,141,1
23,141,1
24,141,0
25,141,1
26,141,0
27,141,0
28,141,0
29,141,0
0,142,1
1,142,0
2,142,1
3,142,0
4,142,0
5,142,0
6,142,0
7,142,1
8,142,0
9,142,1
10,142,0
11,142,1
12,142,0
13,142,0
14,142,0
15,142,1
16,142,1
17,142,0
18,142,0
19,142,0
20,142,0
21,142,0
22,142,1
23,142,1
24,142,0
25,142,0
26,142,0
27,142,0
28,142,0
29,142,0
0,143,1
1,143,0
2,143,1
3,143,0
4,143,0
5,143,1
6,143,0
7,143,1
8,143,0
9,143,0
10,143,1
11,143,1
12,143,1
13,143,0
14,143,0
15,143,1
16,143,1
17,143,0
18,143,0
19,143,0
20,143,1
21,143,0
22,143,1
23,143,1
24,143,0
25,143,0
26,143,0
27,143,1
28,143,1
29,143,0
0,144,1
1,144,1
2,144,1
3,144,0
4,144,0
5,144,1
6,144,0
7,144,1
8,144,0
9,144,1
10,144,0
11,144,0
12,144,0
13,144,0
14,144,0
15,144,0
16,144,0
17,144,0
18,144,0
19,144,0
20,144,1
21,144,0
22,144,1
23,144,1
24,144,0
25,144,0
26,144,1
27,144,1
28,144,0
29,144,0
0,145,1
1,145,0
2,145,1
3,145,1
4,145,1
5,145,1
6,145,0
7,145,0
8,145,0
9,145,0
10,145,0
11,145,1
12,145,1
13,145,0
14,145,0
15,145,1
16,145,0
17,145,0
18,145,0
19,145,0
20,145,0
21,145,0
22,145,1
23,145,1
24,145,0
25,145,1
26,145,1
27,145,0
28,145,1
29,145,0
0,146,1
1,146,0
2,146,1
3,146,1
4,146,0
5,146,1
6,146,0
7,146,0
8,146,1
9,146,0
10,146,0
11,146,0
12,146,0
13,146,0
14,146,1
15,146,1
16,146,0
17,146,0
18,146,0
19,146,0
20,146,0
21,146,0
22,146,1
23,146,1
24,146,0
25,146,0
26,146,0
27,146,0
28,146,0
29,146,0
0,147,0
1,147,0
2,147,1
3,147,1
4,147,0
5,147,0
6,147,0
7,147,0
8,147,0
9,147,0
10,147,0
11,147,1
12,147,1
13,147,0
14,147,0
15,147,1
16,147,0
17,147,0
18,147,0
19,147,0
20,147,0
21,147,0
22,147,1
23,147,1
24,147,0
25,147,0
26,147,1
27,147,0
28,147,0
29,147,0
0,148,1
1,148,1
2,148,0
3,148,0
4,148,0
5,148,0
6,148,1
7,148,0
8,148,0
9,148,0
10,148,0
11,148,0
12,148,0
13,148,0
14,148,1
15,148,1
16,148,1
17,148,0
18,148,0
19,148,0
20,148,1
21,148,0
22,148,1
23,148,1
24,148,0
25,148,0
26,148,0
27,148,0
28,148,1
29,148,0
0,149,1
1,149,0
2,149,1
3,149,1
4,149,0
5,149,1
6,149,0
7,149,1
8,149,0
9,149,0
10,149,0
11,149,0
12,149,1
13,149,0
14,149,0
15,149,0
16,149,0
17,149,1
18,149,0
19,149,1
20,149,0
21,149,0
22,149,1
23,149,1
24,149,0
25,149,0
26,149,0
27,149,0
28,149,0
29,149,0
0,150,1
1,150,0
2,150,1
3,150,1
4,150,0
5,150,0
6,150,0
7,150,0
8,150,0
9,150,0
10,150,0
11,150,1
12,150,0
13,150,0
14,150,1
15,150,0
16,150,0
17,150,0
18,150,0
19,150,0
20,150,1
21,150,0
22,150,0
23,150,1
24,150,0
25,150,0
26,150,1
27,150,0
28,150,0
29,150,0
0,151,1
1,151,0
2,151,1
3,151,1
4,151,0
5,151,1
6,151,0
7,151,0
8,151,0
9,151,0
10,151,0
11,151,0
12,151,1
13,151,0
14,151,1
15,151,0
16,151,1
17,151,0
18,151,0
19,151,0
20,151,0
21,151,0
22,151,1
23,151,1
24,151,0
25,151,0
26,151,0
27,151,0
28,151,0
29,151,0
0,152,1
1,152,0
2,152,1
3,152,0
4,152,0
5,152,1
6,152,1
7,152,1
8,152,0
9,152,0
10,152,0
11,152,1
12,152,1
13,152,0
14,152,0
15,152,0
16,152,1
17,152,0
18,152,0
19,152,0
20,152,1
21,152,0
22,152,1
23,152,1
24,152,0
25,152,1
26,152,0
27,152,0
28,152,0
29,152,0
0,153,1
1,153,1
2,153,1
3,153,0
4,153,0
5,153,0
6,153,0
7,153,0
8,153,0
9,153,0
10,153,0
11,153,1
12,153,1
13,153,0
14,153,0
15,153,0
16,153,1
17,153,0
18,153,0
19,153,0
20,153,0
21,153,0
22,153,1
23,153,1
24,153,0
25,153,1
26,153,0
27,153,0
28,153,0
29,153,0
0,154,0
1,154,0
2,154,1
3,154,1
4,154,0
5,154,1
6,154,0
7,154,0
8,154,0
9,154,1
10,154,0
11,154,0
12,154,0
13,154,0
14,154,1
15,154,0
16,154,1
17,154,0
18,154,0
19,154,0
20,154,1
21,154,0
22,154,1
23,154,1
24,154,1
25,154,1
26,154,0
27,154,0
28,154,0
29,154,0
0,155,1
1,155,0
2,155,1
3,155,0
4,155,0
5,155,0
6,155,0
7,155,0
8,155,0
9,155,1
10,155,0
11,155,1
12,155,0
13,155,0
14,155,0
15,155,0
16,155,1
17,155,0
18,155,0
19,155,0
20,155,0
21,155,0
22,155,1
23,155,1
24,155,0
25,155,0
26,155,0
27,155,0
28,155,1
29,155,0
0,156,1
1,156,0
2,156,1
3,156,0
4,156,0
5,156,0
6,156,0
7,156,1
8,156,0
9,156,1
10,156,0
11,156,1
12,156,0
13,156,0
14,156,1
15,156,0
16,156,1
17,156,0
18,156,0
19,156,0
20,156,1
21,156,0
22,156,1
23,156,1
24,156,0
25,156,0
26,156,0
27,156,0
28,156,0
29,156,0
0,157,1
1,157,1
2,157,1
3,157,0
4,157,0
5,157,0
6,157,0
7,157,1
8,157,0
9,157,0
10,157,0
11,157,1
12,157,1
13,157,0
14,157,0
15,157,0
16,157,0
17,157,0
18,157,0
19,157,0
20,157,1
21,157,0
22,157,1
23,157,1
24,157,0
25,157,1
26,157,0
27,157,0
28,157,0
29,157,0
0,158,1
1,158,0
2,158,1
3,158,0
4,158,0
5,158,0
6,158,0
7,158,1
8,158,0
9,158,0
10,158,0
11,158,0
12,158,1
13,158,0
14,158,0
15,158,0
16,158,0
17,158,0
18,158,0
19,158,0
20,158,0
21,158,0
22,158,1
23,158,1
24,158,0
25,158,1
26,158,0
27,158,0
28,158,0
29,158,0
0,159,1
1,159,1
2,159,0
3,159,0
4,159,0
5,159,0
6,159,1
7,159,1
8,159,0
9,159,0
10,159,0
11,159,1
12,159,0
13,159,0
14,159,1
15,159,0
16,159,0
17,159,0
18,159,0
19,159,0
20,159,0
21,159,0
22,159,1
23,159,1
24,159,0
25,159,1
26,159,0
27,159,0
28,159,1
29,159,0
0,160,1
1,160,0
2,160,1
3,160,0
4,160,0
5,160,0
6,160,1
7,160,1
8,160,0
9,160,0
10,160,0
11,160,1
12,160,0
13,160,0
14,160,0
15,160,0
16,160,0
17,160,0
18,160,0
19,160,0
20,160,0
21,160,0
22,160,1
23,160,1
24,160,0
25,160,0
26,160,0
27,160,0
28,160,0
29,160,0
0,161,1
1,161,1
2,161,1
3,161,0
4,161,0
5,161,1
6,161,0
7,161,1
8,161,0
9,161,0
10,161,0
11,161,0
12,161,1
13,161,0
14,161,0
15,161,0
16,161,1
17,161,0
18,161,0
19,161,0
20,161,1
21,161,0
22,161,1
23,161,1
24,161,0
25,161,0
26,161,0
27,161,0
28,161,0
29,161,0
0,162,1
1,162,0
2,162,1
3,162,1
4,162,0
5,162,1
6,162,0
7,162,0
8,162,0
9,162,0
10,162,0
11,162,0
12,162,1
13,162,0
14,162,0
15,162,0
16,162,1
17,162,0
18,162,0
19,162,0
20,162,0
21,162,0
22,162,1
23,162,1
24,162,0
25,162,0
26,162,1
27,162,0
28,162,0
29,162,0
0,163,1
1,163,0
2,163,1
3,163,0
4,163,0
5,163,1
6,163,0
7,163,0
8,163,0
9,163,0
10,163,0
11,163,1
12,163,1
13,163,0
14,163,1
15,163,0
16,163,0
17,163,0
18,163,0
19,163,0
20,163,0
21,163,0
22,163,1
23,163,1
24,163,0
25,163,0
26,163,0
27,163,0
28,163,0
29,163,0
0,164,1
1,164,0
2,164,1
3,164,0
4,164,0
5,164,0
6,164,0
7,164,1
8,164,0
9,164,0
10,164,0
11,164,0
12,164,1
13,164,0
14,164,1
15,164,0
16,164,1
17,164,0
18,164,0
19,164,0
20,164,0
21,164,0
22,164,1
23,164,1
24,164,0
25,164,0
26,164,0
27,164,0
28,164,1
29,164,0
0,165,1
1,165,0
2,165,1
3,165,0
4,165,0
5,165,0
6,165,0
7,165,0
8,165,0
9,165,0
10,165,0
11,165,0
12,165,0
13,165,0
14,165,0
15,165,0
16,165,1
17,165,0
18,165,0
19,165,0
20,165,0
21,165,0
22,165,1
23,165,1
24,165,0
25,165,0
26,165,0
27,165,0
28,165,0
29,165,0
0,166,1
1,166,0
2,166,1
3,166,1
4,166,0
5,166,1
6,166,0
7,166,1
8,166,0
9,166,0
10,166,1
11,166,1
12,166,1
13,166,0
14,166,0
15,166,0
16,166,1
17,166,0
18,166,0
19,166,0
20,166,1
21,166,0
22,166,1
23,166,1
24,166,0
25,166,0
26,166,0
27,166,0
28,166,1
29,166,0
0,167,1
1,167,0
2,167,1
3,167,0
4,167,0
5,167,0
6,167,1
7,167,0
8,167,0
9,167,0
10,167,0
11,167,1
12,167,1
13,167,0
14,167,0
15,167,0
16,167,0
17,167,0
18,167,0
19,167,0
20,167,1
21,167,0
22,167,1
23,167,1
24,167,0
25,167,0
26,167,0
27,167,0
28,167,1
29,167,0
0,168,1
1,168,0
2,168,1
3,168,0
4,168,0
5,168,0
6,168,1
7,168,1
8,168,0
9,168,0
10,168,1
11,168,1
12,168,1
13,168,0
14,168,0
15,168,0
16,168,0
17,168,0
18,168,0
19,168,0
20,168,0
21,168,0
22,168,1
23,168,1
24,168,0
25,168,0
26,168,0
27,168,0
28,168,0
29,168,0
0,169,1
1,169,0
2,169,1
3,169,0
4,169,0
5,169,0
6,169,0
7,169,0
8,169,0
9,169,0
10,169,1
11,169,0
12,169,0
13,169,0
14,169,0
15,169,0
16,169,0
17,169,0
18,169,0
19,169,0
20,169,0
21,169,0
22,169,1
23,169,1
24,169,0
25,169,0
26,169,0
27,169,0
28,169,0
29,169,0
0,170,1
1,170,0
2,170,1
3,170,0
4,170,0
5,170,0
6,170,1
7,170,0
8,170,0
9,170,0
10,170,0
11,170,0
12,170,1
13,170,0
14,170,0
15,170,0
16,170,0
17,170,0
18,170,0
19,170,0
20,170,0
21,170,0
22,170,1
23,170,1
24,170,0
25,170,0
26,170,0
27,170,0
28,170,0
29,170,0
0,171,0
1,171,0
2,171,1
3,171,1
4,171,0
5,171,1
6,171,1
7,171,1
8,171,0
9,171,0
10,171,0
11,171,1
12,171,0
13,171,0
14,171,0
15,171,0
16,171,0
17,171,0
18,171,0
19,171,0
20,171,0
21,171,0
22,171,1
23,171,1
24,171,0
25,171,0
26,171,1
27,171,0
28,171,1
29,171,0
0,172,1
1,172,0
2,172,1
3,172,1
4,172,0
5,172,1
6,172,0
7,172,0
8,172,0
9,172,0
10,172,0
11,172,0
12,172,1
13,172,0
14,172,0
15,172,0
16,172,0
17,172,0
18,172,0
19,172,0
20,172,0
21,172,0
22,172,1
23,172,1
24,172,0
25,172,0
26,172,0
27,172,0
28,172,0
29,172,0
0,173,1
1,173,0
2,173,1
3,173,1
4,173,0
5,173,0
6,173,0
7,173,0
8,173,0
9,173,0
10,173,0
11,173,0
12,173,0
13,173,0
14,173,0
15,173,0
16,173,0
17,173,0
18,173,0
19,173,0
20,173,0
21,173,0
22,173,1
23,173,1
24,173,0
25,173,0
26,173,0
27,173,0
28,173,0
29,173,0
0,174,1
1,174,0
2,174,1
3,174,0
4,174,0
5,174,0
6,174,0
7,174,0
8,174,0
9,174,0
10,174,0
11,174,1
12,174,1
13,174,0
14,174,0
15,174,0
16,174,1
17,174,0
18,174,0
19,174,0
20,174,1
21,174,0
22,174,1
23,174,1
24,174,0
25,174,0
26,174,0
27,174,0
28,174,0
29,174,0
0,175,1
1,175,0
2,175,1
3,175,0
4,175,0
5,175,1
6,175,0
7,175,1
8,175,0
9,175,0
10,175,0
11,175,0
12,175,0
13,175,0
14,175,0
15,175,0
16,175,1
17,175,0
18,175,0
19,175,0
20,175,0
21,175,0
22,175,1
23,175,1
24,175,1
25,175,0
26,175,0
27,175,0
28,175,0
29,175,0
0,176,1
1,176,0
2,176,1
3,176,0
4,176,0
5,176,1
6,176,0
7,176,1
8,176,0
9,176,0
10,176,0
11,176,1
12,176,1
13,176,0
14,176,0
15,176,0
16,176,1
17,176,0
18,176,0
19,176,0
20,176,0
21,176,0
22,176,1
23,176,1
24,176,0
25,176,0
26,176,0
27,176,0
28,176,1
29,176,0
0,177,1
1,177,0
2,177,1
3,177,0
4,177,0
5,177,1
6,177,0
7,177,1
8,177,0
9,177,0
10,177,0
11,177,1
12,177,1
13,177,0
14,177,0
15,177,0
16,177,0
17,177,0
18,177,0
19,177,0
20,177,0
21,177,0
22,177,1
23,177,0
24,177,0
25,177,0
26,177,0
27,177,0
28,177,0
29,177,0
0,178,1
1,178,0
2,178,1
3,178,1
4,178,0
5,178,0
6,178,0
7,178,0
8,178,0
9,178,0
10,178,0
11,178,1
12,178,1
13,178,0
14,178,0
15,178,0
16,178,0
17,178,0
18,178,0
19,178,0
20,178,1
21,178,0
22,178,1
23,178,0
24,178,1
25,178,0
26,178,0
27,178,0
28,178,0
29,178,0
0,179,1
1,179,0
2,179,1
3,179,1
4,179,0
5,179,0
6,179,0
7,179,1
8,179,0
9,179,0
10,179,0
11,179,0
12,179,1
13,179,0
14,179,0
15,179,0
16,179,1
17,179,0
18,179,0
19,179,0
20,179,0
21,179,0
22,179,1
23,179,0
24,179,0
25,179,0
26,179,1
27,179,0
28,179,0
29,179,0
0,180,0
1,180,0
2,180,1
3,180,0
4,180,1
5,180,0
6,180,0
7,180,1
8,180,0
9,180,0
10,180,0
11,180,0
12,180,0
13,180,0
14,180,0
15,180,0
16,180,1
17,180,0
18,180,0
19,180,0
20,180,0
21,180,0
22,180,1
23,180,0
24,180,0
25,180,0
26,180,1
27,180,0
28,180,1
29,180,0
0,181,0
1,181,0
2,181,1
3,181,0
4,181,1
5,181,1
6,181,0
7,181,1
8,181,0
9,181,0
10,181,0
11,181,0
12,181,0
13,181,0
14,181,0
15,181,0
16,181,1
17,181,0
18,181,0
19,181,0
20,181,1
21,181,0
22,181,1
23,181,0
24,181,1
25,181,0
26,181,1
27,181,0
28,181,0
29,181,0
0,182,0
1,182,0
2,182,1
3,182,0
4,182,1
5,182,0
6,182,0
7,182,1
8,182,0
9,182,0
10,182,0
11,182,0
12,182,0
13,182,0
14,182,0
15,182,0
16,182,0
17,182,0
18,182,0
19,182,0
20,182,1
21,182,0
22,182,1
23,182,0
24,182,1
25,182,0
26,182,0
27,182,0
28,182,0
29,182,0
0,183,1
1,183,0
2,183,1
3,183,1
4,183,1
5,183,0
6,183,0
7,183,0
8,183,0
9,183,0
10,183,0
11,183,0
12,183,1
13,183,0
14,183,0
15,183,0
16,183,0
17,183,0
18,183,0
19,183,0
20,183,0
21,183,0
22,183,1
23,183,0
24,183,0
25,183,0
26,183,0
27,183,0
28,183,1
29,183,0
0,184,1
1,184,0
2,184,0
3,184,0
4,184,0
5,184,0
6,184,0
7,184,0
8,184,0
9,184,0
10,184,0
11,184,0
12,184,1
13,184,0
14,184,0
15,184,0
16,184,0
17,184,0
18,184,0
19,184,0
20,184,0
21,184,0
22,184,0
23,184,0
24,184,0
25,184,0
26,184,0
27,184,0
28,184,0
29,184,0
0,185,1
1,185,0
2,185,0
3,185,1
4,185,0
5,185,0
6,185,0
7,185,0
8,185,0
9,185,0
10,185,0
11,185,0
12,185,0
13,185,0
14,185,0
15,185,0
16,185,0
17,185,0
18,185,0
19,185,0
20,185,0
21,185,0
22,185,0
23,185,0
24,185,0
25,185,0
26,185,0
27,185,0
28,185,0
29,185,0
0,186,1
1,186,0
2,186,0
3,186,0
4,186,0
5,186,0
6,186,1
7,186,0
8,186,0
9,186,0
10,186,0
11,186,0
12,186,0
13,186,0
14,186,0
15,186,0
16,186,0
17,186,0
18,186,0
19,186,0
20,186,0
21,186,0
22,186,0
23,186,0
24,186,0
25,186,0
26,186,0
27,186,0
28,186,0
29,186,0
0,187,1
1,187,0
2,187,0
3,187,0
4,187,0
5,187,0
6,187,0
7,187,0
8,187,0
9,187,0
10,187,0
11,187,0
12,187,1
13,187,0
14,187,0
15,187,0
16,187,0
17,187,0
18,187,0
19,187,0
20,187,0
21,187,0
22,187,0
23,187,0
24,187,0
25,187,0
26,187,0
27,187,0
28,187,0
29,187,0
0,188,1
1,188,0
2,188,0
3,188,0
4,188,0
5,188,0
6,188,1
7,188,0
8,188,0
9,188,0
10,188,0
11,188,0
12,188,0
13,188,0
14,188,0
15,188,0
16,188,0
17,188,0
18,188,0
19,188,0
20,188,0
21,188,0
22,188,0
23,188,0
24,188,0
25,188,0
26,188,0
27,188,0
28,188,0
29,188,0
0,189,1
1,189,0
2,189,0
3,189,1
4,189,0
5,189,0
6,189,0
7,189,0
8,189,0
9,189,0
10,189,0
11,189,0
12,189,0
13,189,0
14,189,0
15,189,0
16,189,0
17,189,0
18,189,0
19,189,0
20,189,0
21,189,0
22,189,0
23,189,0
24,189,0
25,189,0
26,189,0
27,189,0
28,189,0
29,189,0
0,190,1
1,190,0
2,190,0
3,190,0
4,190,0
5,190,0
6,190,0
7,190,1
8,190,0
9,190,0
10,190,0
11,190,0
12,190,0
13,190,0
14,190,0
15,190,0
16,190,0
17,190,0
18,190,0
19,190,0
20,190,0
21,190,0
22,190,0
23,190,0
24,190,0
25,190,0
26,190,0
27,190,0
28,190,0
29,190,0
0,191,1
1,191,0
2,191,0
3,191,0
4,191,0
5,191,0
6,191,1
7,191,0
8,191,0
9,191,0
10,191,0
11,191,0
12,191,0
13,191,0
14,191,0
15,191,0
16,191,0
17,191,0
18,191,0
19,191,0
20,191,0
21,191,0
22,191,0
23,191,0
24,191,0
25,191,0
26,191,0
27,191,0
28,191,0
29,191,0
0,192,1
1,192,0
2,192,0
3,192,0
4,192,0
5,192,0
6,192,1
7,192,0
8,192,0
9,192,0
10,192,0
11,192,0
12,192,1
13,192,0
14,192,0
15,192,0
16,192,0
17,192,0
18,192,0
19,192,0
20,192,0
21,192,0
22,192,0
23,192,0
24,192,0
25,192,0
26,192,0
27,192,0
28,192,0
29,192,0
0,193,1
1,193,0
2,193,0
3,193,0
4,193,0
5,193,0
6,193,0
7,193,0
8,193,0
9,193,0
10,193,0
11,193,0
12,193,0
13,193,0
14,193,0
15,193,0
16,193,0
17,193,0
18,193,0
19,193,0
20,193,0
21,193,0
22,193,0
23,193,0
24,193,0
25,193,0
26,193,0
27,193,0
28,193,0
29,193,0
0,194,1
1,194,0
2,194,0
3,194,1
4,194,0
5,194,0
6,194,0
7,194,0
8,194,0
9,194,0
10,194,0
11,194,0
12,194,0
13,194,0
14,194,0
15,194,0
16,194,0
17,194,0
18,194,0
19,194,0
20,194,0
21,194,0
22,194,0
23,194,0
24,194,0
25,194,0
26,194,0
27,194,0
28,194,0
29,194,0
0,195,1
1,195,0
2,195,0
3,195,0
4,195,0
5,195,0
6,195,0
7,195,0
8,195,0
9,195,0
10,195,0
11,195,0
12,195,0
13,195,0
14,195,0
15,195,0
16,195,0
17,195,0
18,195,0
19,195,0
20,195,0
21,195,0
22,195,0
23,195,0
24,195,0
25,195,0
26,195,0
27,195,0
28,195,0
29,195,0
0,196,1
1,196,0
2,196,0
3,196,1
4,196,0
5,196,0
6,196,0
7,196,0
8,196,0
9,196,0
10,196,0
11,196,0
12,196,0
13,196,0
14,196,0
15,196,0
16,196,0
17,196,0
18,196,0
19,196,0
20,196,0
21,196,0
22,196,0
23,196,0
24,196,0
25,196,0
26,196,0
27,196,0
28,196,0
29,196,0
0,197,1
1,197,0
2,197,0
3,197,1
4,197,0
5,197,0
6,197,1
7,197,0
8,197,0
9,197,0
10,197,0
11,197,0
12,197,0
13,197,0
14,197,0
15,197,0
16,197,0
17,197,0
18,197,0
19,197,0
20,197,0
21,197,0
22,197,0
23,197,0
24,197,0
25,197,0
26,197,0
27,197,0
28,197,0
29,197,0
0,198,1
1,198,0
2,198,0
3,198,1
4,198,0
5,198,0
6,198,1
7,198,0
8,198,0
9,198,0
10,198,0
11,198,0
12,198,0
13,198,0
14,198,0
15,198,0
16,198,0
17,198,0
18,198,0
19,198,0
20,198,0
21,198,0
22,198,0
23,198,0
24,198,0
25,198,0
26,198,0
27,198,0
28,198,0
29,198,0
0,199,1
1,199,0
2,199,0
3,199,1
4,199,0
5,199,0
6,199,0
7,199,0
8,199,0
9,199,0
10,199,0
11,199,0
12,199,0
13,199,0
14,199,0
15,199,0
16,199,0
17,199,0
18,199,0
19,199,0
20,199,0
21,199,0
22,199,0
23,199,1
24,199,0
25,199,0
26,199,0
27,199,0
28,199,0
29,199,0
0,200,1
1,200,0
2,200,0
3,200,1
4,200,0
5,200,0
6,200,0
7,200,0
8,200,0
9,200,0
10,200,0
11,200,0
12,200,0
13,200,0
14,200,0
15,200,0
16,200,0
17,200,0
18,200,0
19,200,0
20,200,0
21,200,0
22,200,0
23,200,1
24,200,0
25,200,0
26,200,0
27,200,0
28,200,0
29,200,0
0,201,1
1,201,0
2,201,0
3,201,1
4,201,0
5,201,0
6,201,0
7,201,0
8,201,0
9,201,0
10,201,0
11,201,0
12,201,0
13,201,0
14,201,0
15,201,0
16,201,0
17,201,0
18,201,0
19,201,0
20,201,0
21,201,0
22,201,0
23,201,1
24,201,0
25,201,0
26,201,0
27,201,0
28,201,0
29,201,1
0,202,0
1,202,0
2,202,0
3,202,1
4,202,1
5,202,0
6,202,1
7,202,0
8,202,0
9,202,0
10,202,0
11,202,0
12,202,0
13,202,0
14,202,0
15,202,0
16,202,0
17,202,0
18,202,0
19,202,0
20,202,0
21,202,0
22,202,0
23,202,1
24,202,0
25,202,0
26,202,0
27,202,1
28,202,0
29,202,0
0,203,0
1,203,0
2,203,0
3,203,1
4,203,0
5,203,0
6,203,0
7,203,0
8,203,0
9,203,0
10,203,0
11,203,0
12,203,0
13,203,0
14,203,0
15,203,0
16,203,0
17,203,0
18,203,0
19,203,0
20,203,0
21,203,0
22,203,0
23,203,1
24,203,0
25,203,0
26,203,0
27,203,1
28,203,0
29,203,0
0,204,0
1,204,0
2,204,0
3,204,1
4,204,0
5,204,0
6,204,0
7,204,0
8,204,0
9,204,0
10,204,0
11,204,0
12,204,0
13,204,0
14,204,0
15,204,0
16,204,0
17,204,0
18,204,0
19,204,0
20,204,0
21,204,0
22,204,0
23,204,1
24,204,0
25,204,0
26,204,0
27,204,1
28,204,0
29,204,0
0,205,0
1,205,0
2,205,0
3,205,1
4,205,0
5,205,0
6,205,1
7,205,0
8,205,0
9,205,0
10,205,0
11,205,0
12,205,0
13,205,0
14,205,0
15,205,0
16,205,0
17,205,0
18,205,0
19,205,0
20,205,0
21,205,0
22,205,0
23,205,1
24,205,0
25,205,0
26,205,0
27,205,1
28,205,0
29,205,0
0,206,0
1,206,0
2,206,0
3,206,1
4,206,0
5,206,0
6,206,1
7,206,0
8,206,0
9,206,0
10,206,0
11,206,0
12,206,0
13,206,0
14,206,0
15,206,0
16,206,0
17,206,0
18,206,0
19,206,0
20,206,0
21,206,0
22,206,0
23,206,1
24,206,0
25,206,0
26,206,0
27,206,1
28,206,0
29,206,0
0,207,0
1,207,0
2,207,0
3,207,1
4,207,0
5,207,0
6,207,0
7,207,0
8,207,1
9,207,0
10,207,0
11,207,0
12,207,0
13,207,0
14,207,0
15,207,0
16,207,0
17,207,0
18,207,0
19,207,0
20,207,0
21,207,0
22,207,0
23,207,1
24,207,0
25,207,0
26,207,0
27,207,1
28,207,0
29,207,0
0,208,0
1,208,0
2,208,0
3,208,1
4,208,0
5,208,0
6,208,1
7,208,1
8,208,0
9,208,0
10,208,0
11,208,0
12,208,0
13,208,0
14,208,0
15,208,0
16,208,0
17,208,0
18,208,0
19,208,0
20,208,0
21,208,0
22,208,0
23,208,1
24,208,0
25,208,0
26,208,0
27,208,1
28,208,0
29,208,0
0,209,0
1,209,0
2,209,0
3,209,1
4,209,0
5,209,0
6,209,0
7,209,0
8,209,1
9,209,0
10,209,0
11,209,0
12,209,0
13,209,0
14,209,0
15,209,0
16,209,0
17,209,0
18,209,0
19,209,0
20,209,0
21,209,0
22,209,0
23,209,1
24,209,0
25,209,0
26,209,0
27,209,1
28,209,0
29,209,0
0,210,0
1,210,0
2,210,0
3,210,1
4,210,0
5,210,0
6,210,1
7,210,1
8,210,0
9,210,0
10,210,0
11,210,0
12,210,0
13,210,0
14,210,0
15,210,0
16,210,0
17,210,0
18,210,0
19,210,0
20,210,0
21,210,0
22,210,0
23,210,1
24,210,0
25,210,0
26,210,0
27,210,1
28,210,0
29,210,0
0,211,0
1,211,0
2,211,0
3,211,1
4,211,0
5,211,0
6,211,1
7,211,1
8,211,0
9,211,0
10,211,0
11,211,0
12,211,0
13,211,0
14,211,0
15,211,1
16,211,0
17,211,0
18,211,0
19,211,0
20,211,0
21,211,0
22,211,0
23,211,1
24,211,0
25,211,0
26,211,0
27,211,1
28,211,0
29,211,0
0,212,0
1,212,0
2,212,0
3,212,0
4,212,0
5,212,0
6,212,0
7,212,1
8,212,0
9,212,0
10,212,0
11,212,0
12,212,0
13,212,0
14,212,0
15,212,1
16,212,0
17,212,0
18,212,0
19,212,0
20,212,0
21,212,0
22,212,0
23,212,1
24,212,0
25,212,0
26,212,0
27,212,1
28,212,0
29,212,0
0,213,0
1,213,0
2,213,0
3,213,1
4,213,0
5,213,0
6,213,0
7,213,0
8,213,0
9,213,0
10,213,0
11,213,0
12,213,0
13,213,0
14,213,0
15,213,1
16,213,0
17,213,0
18,213,0
19,213,0
20,213,0
21,213,0
22,213,0
23,213,1
24,213,0
25,213,0
26,213,0
27,213,1
28,213,0
29,213,0
0,214,0
1,214,0
2,214,0
3,214,1
4,214,0
5,214,0
6,214,1
7,214,0
8,214,0
9,214,0
10,214,0
11,214,0
12,214,0
13,214,0
14,214,0
15,214,0
16,214,0
17,214,0
18,214,0
19,214,0
20,214,0
21,214,0
22,214,0
23,214,1
24,214,0
25,214,0
26,214,0
27,214,1
28,214,0
29,214,0
0,215,0
1,215,0
2,215,0
3,215,1
4,215,0
5,215,0
6,215,1
7,215,1
8,215,0
9,215,0
10,215,0
11,215,0
12,215,0
13,215,0
14,215,0
15,215,1
16,215,0
17,215,0
18,215,0
19,215,0
20,215,0
21,215,0
22,215,0
23,215,1
24,215,0
25,215,0
26,215,0
27,215,1
28,215,0
29,215,1
0,216,0
1,216,0
2,216,0
3,216,1
4,216,0
5,216,1
6,216,0
7,216,0
8,216,0
9,216,0
10,216,0
11,216,0
12,216,1
13,216,0
14,216,0
15,216,1
16,216,0
17,216,0
18,216,0
19,216,0
20,216,0
21,216,0
22,216,0
23,216,1
24,216,0
25,216,0
26,216,0
27,216,1
28,216,0
29,216,0
0,217,0
1,217,0
2,217,0
3,217,1
4,217,0
5,217,0
6,217,0
7,217,1
8,217,0
9,217,0
10,217,0
11,217,0
12,217,0
13,217,0
14,217,0
15,217,1
16,217,0
17,217,0
18,217,0
19,217,0
20,217,0
21,217,1
22,217,0
23,217,1
24,217,0
25,217,0
26,217,1
27,217,1
28,217,0
29,217,0
0,218,0
1,218,0
2,218,0
3,218,1
4,218,0
5,218,1
6,218,1
7,218,0
8,218,0
9,218,0
10,218,0
11,218,0
12,218,0
13,218,0
14,218,0
15,218,1
16,218,0
17,218,0
18,218,0
19,218,0
20,218,0
21,218,1
22,218,0
23,218,1
24,218,0
25,218,0
26,218,0
27,218,1
28,218,0
29,218,1
0,219,0
1,219,0
2,219,0
3,219,1
4,219,0
5,219,0
6,219,0
7,219,0
8,219,0
9,219,0
10,219,0
11,219,0
12,219,0
13,219,0
14,219,0
15,219,1
16,219,0
17,219,0
18,219,0
19,219,0
20,219,0
21,219,0
22,219,0
23,219,1
24,219,0
25,219,0
26,219,1
27,219,1
28,219,0
29,219,1
0,220,0
1,220,0
2,220,0
3,220,1
4,220,0
5,220,0
6,220,1
7,220,0
8,220,1
9,220,0
10,220,0
11,220,0
12,220,0
13,220,0
14,220,0
15,220,1
16,220,0
17,220,0
18,220,0
19,220,0
20,220,0
21,220,1
22,220,0
23,220,1
24,220,0
25,220,0
26,220,0
27,220,1
28,220,0
29,220,0
0,221,0
1,221,0
2,221,0
3,221,1
4,221,0
5,221,0
6,221,0
7,221,1
8,221,0
9,221,0
10,221,0
11,221,0
12,221,0
13,221,0
14,221,0
15,221,1
16,221,0
17,221,0
18,221,0
19,221,0
20,221,0
21,221,0
22,221,0
23,221,1
24,221,0
25,221,0
26,221,0
27,221,1
28,221,0
29,221,0
0,222,0
1,222,0
2,222,0
3,222,1
4,222,0
5,222,0
6,222,1
7,222,0
8,222,0
9,222,0
10,222,0
11,222,0
12,222,0
13,222,0
14,222,0
15,222,1
16,222,0
17,222,0
18,222,0
19,222,0
20,222,0
21,222,0
22,222,0
23,222,1
24,222,0
25,222,0
26,222,0
27,222,1
28,222,0
29,222,0
0,223,0
1,223,0
2,223,0
3,223,1
4,223,0
5,223,0
6,223,1
7,223,0
8,223,0
9,223,0
10,223,0
11,223,0
12,223,0
13,223,0
14,223,0
15,223,1
16,223,0
17,223,0
18,223,0
19,223,0
20,223,0
21,223,0
22,223,0
23,223,1
24,223,0
25,223,0
26,223,0
27,223,1
28,223,0
29,223,0
0,224,0
1,224,0
2,224,0
3,224,1
4,224,0
5,224,0
6,224,1
7,224,1
8,224,0
9,224,0
10,224,0
11,224,0
12,224,0
13,224,0
14,224,0
15,224,1
16,224,0
17,224,0
18,224,0
19,224,0
20,224,0
21,224,0
22,224,0
23,224,1
24,224,0
25,224,0
26,224,1
27,224,1
28,224,0
29,224,0
0,225,0
1,225,0
2,225,0
3,225,1
4,225,0
5,225,0
6,225,0
7,225,0
8,225,0
9,225,0
10,225,0
11,225,0
12,225,0
13,225,0
14,225,0
15,225,1
16,225,0
17,225,0
18,225,0
19,225,0
20,225,0
21,225,0
22,225,0
23,225,1
24,225,0
25,225,0
26,225,1
27,225,1
28,225,0
29,225,0
0,226,0
1,226,0
2,226,0
3,226,1
4,226,0
5,226,0
6,226,1
7,226,0
8,226,0
9,226,0
10,226,0
11,226,0
12,226,0
13,226,0
14,226,0
15,226,1
16,226,0
17,226,0
18,226,0
19,226,0
20,226,0
21,226,0
22,226,0
23,226,1
24,226,0
25,226,0
26,226,1
27,226,1
28,226,0
29,226,0
0,227,0
1,227,0
2,227,0
3,227,1
4,227,1
5,227,0
6,227,1
7,227,1
8,227,0
9,227,0
10,227,0
11,227,0
12,227,0
13,227,0
14,227,0
15,227,1
16,227,0
17,227,0
18,227,0
19,227,1
20,227,0
21,227,0
22,227,0
23,227,1
24,227,0
25,227,0
26,227,1
27,227,1
28,227,0
29,227,0
0,228,0
1,228,0
2,228,0
3,228,0
4,228,0
5,228,0
6,228,0
7,228,1
8,228,0
9,228,0
10,228,0
11,228,0
12,228,0
13,228,0
14,228,0
15,228,1
16,228,0
17,228,0
18,228,0
19,228,0
20,228,0
21,228,0
22,228,0
23,228,1
24,228,0
25,228,0
26,228,0
27,228,1
28,228,0
29,228,0
0,229,0
1,229,0
2,229,0
3,229,1
4,229,0
5,229,1
6,229,0
7,229,0
8,229,0
9,229,0
10,229,0
11,229,0
12,229,0
13,229,0
14,229,0
15,229,1
16,229,0
17,229,0
18,229,0
19,229,0
20,229,0
21,229,1
22,229,0
23,229,1
24,229,0
25,229,0
26,229,0
27,229,1
28,229,0
29,229,0
0,230,0
1,230,0
2,230,0
3,230,1
4,230,0
5,230,0
6,230,1
7,230,1
8,230,1
9,230,0
10,230,0
11,230,0
12,230,0
13,230,0
14,230,0
15,230,1
16,230,0
17,230,0
18,230,0
19,230,0
20,230,0
21,230,0
22,230,0
23,230,1
24,230,0
25,230,0
26,230,1
27,230,1
28,230,0
29,230,0
0,231,0
1,231,0
2,231,0
3,231,0
4,231,0
5,231,0
6,231,0
7,231,0
8,231,0
9,231,0
10,231,0
11,231,0
12,231,0
13,231,0
14,231,0
15,231,1
16,231,0
17,231,0
18,231,0
19,231,0
20,231,0
21,231,0
22,231,0
23,231,1
24,231,0
25,231,0
26,231,0
27,231,1
28,231,0
29,231,0
0,232,0
1,232,0
2,232,0
3,232,0
4,232,0
5,232,0
6,232,0
7,232,1
8,232,0
9,232,0
10,232,0
11,232,0
12,232,0
13,232,0
14,232,0
15,232,1
16,232,0
17,232,0
18,232,0
19,232,0
20,232,0
21,232,0
22,232,0
23,232,1
24,232,0
25,232,0
26,232,0
27,232,1
28,232,0
29,232,0
0,233,0
1,233,0
2,233,0
3,233,0
4,233,0
5,233,0
6,233,0
7,233,0
8,233,1
9,233,0
10,233,1
11,233,0
12,233,0
13,233,0
14,233,0
15,233,1
16,233,0
17,233,0
18,233,0
19,233,0
20,233,0
21,233,0
22,233,0
23,233,1
24,233,0
25,233,0
26,233,1
27,233,1
28,233,0
29,233,0
0,234,0
1,234,1
2,234,0
3,234,0
4,234,0
5,234,0
6,234,0
7,234,1
8,234,0
9,234,0
10,234,0
11,234,0
12,234,0
13,234,0
14,234,0
15,234,0
16,234,0
17,234,0
18,234,0
19,234,0
20,234,0
21,234,0
22,234,0
23,234,1
24,234,0
25,234,0
26,234,1
27,234,1
28,234,0
29,234,0
0,235,0
1,235,1
2,235,0
3,235,0
4,235,0
5,235,0
6,235,1
7,235,1
8,235,0
9,235,0
10,235,0
11,235,0
12,235,0
13,235,1
14,235,0
15,235,0
16,235,0
17,235,0
18,235,0
19,235,0
20,235,0
21,235,1
22,235,0
23,235,1
24,235,0
25,235,0
26,235,1
27,235,1
28,235,0
29,235,0
0,236,0
1,236,1
2,236,0
3,236,0
4,236,0
5,236,0
6,236,0
7,236,1
8,236,0
9,236,0
10,236,0
11,236,0
12,236,0
13,236,0
14,236,0
15,236,0
16,236,0
17,236,0
18,236,0
19,236,0
20,236,0
21,236,0
22,236,0
23,236,1
24,236,0
25,236,0
26,236,0
27,236,1
28,236,0
29,236,0
0,237,0
1,237,1
2,237,0
3,237,0
4,237,0
5,237,0
6,237,1
7,237,1
8,237,1
9,237,0
10,237,0
11,237,0
12,237,0
13,237,0
14,237,0
15,237,0
16,237,0
17,237,0
18,237,0
19,237,0
20,237,0
21,237,0
22,237,0
23,237,1
24,237,0
25,237,0
26,237,0
27,237,1
28,237,0
29,237,0
0,238,0
1,238,0
2,238,0
3,238,0
4,238,1
5,238,0
6,238,0
7,238,0
8,238,0
9,238,0
10,238,0
11,238,0
12,238,0
13,238,0
14,238,0
15,238,0
16,238,0
17,238,0
18,238,0
19,238,0
20,238,0
21,238,0
22,238,0
23,238,1
24,238,0
25,238,0
26,238,0
27,238,1
28,238,0
29,238,0
0,239,0
1,239,1
2,239,0
3,239,1
4,239,0
5,239,0
6,239,0
7,239,1
8,239,0
9,239,0
10,239,0
11,239,0
12,239,0
13,239,0
14,239,0
15,239,0
16,239,0
17,239,0
18,239,0
19,239,0
20,239,0
21,239,0
22,239,0
23,239,1
24,239,0
25,239,0
26,239,0
27,239,1
28,239,0
29,239,0
0,240,0
1,240,1
2,240,0
3,240,0
4,240,0
5,240,0
6,240,1
7,240,1
8,240,0
9,240,1
10,240,0
11,240,0
12,240,0
13,240,0
14,240,0
15,240,0
16,240,0
17,240,0
18,240,0
19,240,0
20,240,0
21,240,0
22,240,0
23,240,1
24,240,0
25,240,0
26,240,0
27,240,1
28,240,0
29,240,0
0,241,0
1,241,1
2,241,0
3,241,0
4,241,0
5,241,0
6,241,0
7,241,1
8,241,0
9,241,1
10,241,0
11,241,0
12,241,0
13,241,0
14,241,0
15,241,0
16,241,0
17,241,0
18,241,0
19,241,0
20,241,0
21,241,1
22,241,0
23,241,1
24,241,0
25,241,0
26,241,0
27,241,1
28,241,0
29,241,0
0,242,0
1,242,1
2,242,0
3,242,0
4,242,0
5,242,0
6,242,0
7,242,1
8,242,0
9,242,1
10,242,0
11,242,0
12,242,0
13,242,0
14,242,0
15,242,0
16,242,0
17,242,0
18,242,0
19,242,0
20,242,0
21,242,0
22,242,0
23,242,1
24,242,1
25,242,0
26,242,1
27,242,1
28,242,0
29,242,0
0,243,0
1,243,1
2,243,0
3,243,0
4,243,0
5,243,0
6,243,1
7,243,1
8,243,0
9,243,0
10,243,1
11,243,0
12,243,0
13,243,0
14,243,0
15,243,0
16,243,0
17,243,0
18,243,0
19,243,0
20,243,0
21,243,0
22,243,0
23,243,1
24,243,0
25,243,0
26,243,1
27,243,1
28,243,0
29,243,0
0,244,0
1,244,1
2,244,0
3,244,0
4,244,0
5,244,0
6,244,0
7,244,1
8,244,0
9,244,0
10,244,1
11,244,0
12,244,0
13,244,0
14,244,0
15,244,0
16,244,0
17,244,0
18,244,0
19,244,0
20,244,0
21,244,0
22,244,0
23,244,1
24,244,0
25,244,0
26,244,0
27,244,1
28,244,0
29,244,0
0,245,0
1,245,1
2,245,0
3,245,0
4,245,1
5,245,0
6,245,0
7,245,0
8,245,0
9,245,0
10,245,1
11,245,0
12,245,0
13,245,0
14,245,0
15,245,0
16,245,0
17,245,0
18,245,0
19,245,0
20,245,0
21,245,0
22,245,0
23,245,1
24,245,0
25,245,0
26,245,0
27,245,1
28,245,0
29,245,0
0,246,0
1,246,1
2,246,0
3,246,0
4,246,0
5,246,0
6,246,1
7,246,1
8,246,0
9,246,0
10,246,0
11,246,0
12,246,0
13,246,0
14,246,0
15,246,0
16,246,0
17,246,0
18,246,0
19,246,0
20,246,0
21,246,0
22,246,0
23,246,0
24,246,0
25,246,0
26,246,0
27,246,1
28,246,0
29,246,0
0,247,0
1,247,0
2,247,0
3,247,0
4,247,0
5,247,0
6,247,1
7,247,0
8,247,0
9,247,0
10,247,1
11,247,0
12,247,0
13,247,0
14,247,0
15,247,0
16,247,0
17,247,0
18,247,0
19,247,0
20,247,0
21,247,0
22,247,0
23,247,0
24,247,0
25,247,0
26,247,0
27,247,1
28,247,0
29,247,0
0,248,0
1,248,1
2,248,0
3,248,0
4,248,0
5,248,0
6,248,1
7,248,1
8,248,0
9,248,0
10,248,0
11,248,0
12,248,0
13,248,0
14,248,0
15,248,0
16,248,0
17,248,0
18,248,0
19,248,0
20,248,0
21,248,0
22,248,0
23,248,1
24,248,0
25,248,1
26,248,1
27,248,1
28,248,0
29,248,1
0,249,0
1,249,1
2,249,0
3,249,0
4,249,0
5,249,0
6,249,1
7,249,1
8,249,0
9,249,0
10,249,0
11,249,0
12,249,0
13,249,0
14,249,0
15,249,0
16,249,0
17,249,0
18,249,0
19,249,0
20,249,0
21,249,0
22,249,0
23,249,1
24,249,0
25,249,0
26,249,1
27,249,1
28,249,0
29,249,0
0,250,0
1,250,0
2,250,0
3,250,0
4,250,0
5,250,0
6,250,0
7,250,1
8,250,0
9,250,0
10,250,0
11,250,0
12,250,0
13,250,0
14,250,0
15,250,0
16,250,0
17,250,0
18,250,0
19,250,0
20,250,0
21,250,1
22,250,0
23,250,1
24,250,0
25,250,0
26,250,1
27,250,1
28,250,0
29,250,0
0,251,0
1,251,0
2,251,0
3,251,0
4,251,0
5,251,0
6,251,0
7,251,0
8,251,0
9,251,0
10,251,0
11,251,0
12,251,0
13,251,0
14,251,0
15,251,0
16,251,0
17,251,0
18,251,0
19,251,0
20,251,0
21,251,0
22,251,0
23,251,1
24,251,0
25,251,0
26,251,0
27,251,1
28,251,0
29,251,0
0,252,0
1,252,0
2,252,1
3,252,0
4,252,0
5,252,0
6,252,0
7,252,0
8,252,0
9,252,0
10,252,0
11,252,0
12,252,0
13,252,0
14,252,0
15,252,0
16,252,0
17,252,0
18,252,0
19,252,0
20,252,0
21,252,0
22,252,0
23,252,1
24,252,0
25,252,0
26,252,0
27,252,1
28,252,0
29,252,0
0,253,0
1,253,0
2,253,0
3,253,0
4,253,0
5,253,0
6,253,1
7,253,1
8,253,0
9,253,0
10,253,0
11,253,0
12,253,0
13,253,0
14,253,0
15,253,0
16,253,0
17,253,0
18,253,0
19,253,0
20,253,0
21,253,0
22,253,0
23,253,1
24,253,0
25,253,0
26,253,0
27,253,1
28,253,0
29,253,0
0,254,0
1,254,0
2,254,0
3,254,0
4,254,0
5,254,0
6,254,1
7,254,1
8,254,1
9,254,0
10,254,0
11,254,0
12,254,0
13,254,0
14,254,0
15,254,0
16,254,0
17,254,0
18,254,0
19,254,0
20,254,0
21,254,1
22,254,0
23,254,1
24,254,0
25,254,0
26,254,1
27,254,1
28,254,1
29,254,0
0,255,0
1,255,0
2,255,0
3,255,0
4,255,0
5,255,0
6,255,0
7,255,0
8,255,1
9,255,0
10,255,0
11,255,0
12,255,0
13,255,0
14,255,0
15,255,0
16,255,0
17,255,0
18,255,0
19,255,0
20,255,0
21,255,0
22,255,0
23,255,1
24,255,0
25,255,0
26,255,0
27,255,1
28,255,0
29,255,0
0,256,0
1,256,0
2,256,0
3,256,0
4,256,0
5,256,0
6,256,1
7,256,0
8,256,0
9,256,0
10,256,0
11,256,0
12,256,0
13,256,0
14,256,0
15,256,0
16,256,0
17,256,0
18,256,0
19,256,0
20,256,0
21,256,0
22,256,0
23,256,1
24,256,0
25,256,0
26,256,0
27,256,1
28,256,0
29,256,0
0,257,0
1,257,0
2,257,0
3,257,0
4,257,0
5,257,0
6,257,1
7,257,0
8,257,0
9,257,0
10,257,0
11,257,0
12,257,0
13,257,0
14,257,0
15,257,0
16,257,0
17,257,0
18,257,0
19,257,0
20,257,0
21,257,0
22,257,0
23,257,1
24,257,0
25,257,0
26,257,0
27,257,0
28,257,0
29,257,0
0,258,0
1,258,0
2,258,0
3,258,0
4,258,0
5,258,0
6,258,1
7,258,0
8,258,0
9,258,0
10,258,0
11,258,0
12,258,0
13,258,0
14,258,0
15,258,0
16,258,0
17,258,0
18,258,0
19,258,0
20,258,0
21,258,0
22,258,0
23,258,1
24,258,0
25,258,0
26,258,0
27,258,0
28,258,0
29,258,0
0,259,0
1,259,0
2,259,0
3,259,0
4,259,0
5,259,0
6,259,0
7,259,0
8,259,0
9,259,0
10,259,0
11,259,0
12,259,0
13,259,0
14,259,0
15,259,0
16,259,0
17,259,0
18,259,0
19,259,0
20,259,0
21,259,0
22,259,0
23,259,1
24,259,0
25,259,0
26,259,0
27,259,0
28,259,0
29,259,0
